country_iso3,period,ideal_point
AFG,1990-1994,-0.057632432516479266
AGO,1990-1994,0.35505704419331224
ALB,1990-1994,-0.4304249691435555
AND,1990-1994,0
ARE,1990-1994,0
ARG,1990-1994,-1.5862370711403253
ARM,1990-1994,0.024102407498704667
ATG,1990-1994,0.694425120637499
AUS,1990-1994,-0.12089182623993218
AUT,1990-1994,-1.1560222674894247
AZE,1990-1994,-1.2878068750022753
BDI,1990-1994,0.2869976486442705
BEL,1990-1994,-1.0635367843495154
BEN,1990-1994,0.17836335775310388
BFA,1990-1994,-0.6088375293068472
BGD,1990-1994,-0.7392794459846757
BGR,1990-1994,-0.17936857451320953
BHR,1990-1994,0.19660648337052555
BHS,1990-1994,1.4580617991638922
BIH,1990-1994,-1.399522058713888
BLR,1990-1994,0.17351203273919502
BLZ,1990-1994,-0.5419789909224588
BOL,1990-1994,-2.2174729409785265
BRA,1990-1994,-1.4883877806205303
BRB,1990-1994,1.3881188173219443
BRN,1990-1994,0
BTN,1990-1994,0.8256518807751861
BWA,1990-1994,0
CAF,1990-1994,0.881421983168914
CAN,1990-1994,-0.012821223376386831
CHE,1990-1994,-0.2882165244610792
CHL,1990-1994,-1.2792970238056565
CHN,1990-1994,0.21150820773612158
CIV,1990-1994,0.9580855593756096
CMR,1990-1994,1.111331528020151
COD,1990-1994,0.025988423601297148
COG,1990-1994,0.7028802888864396
COK,1990-1994,0
COL,1990-1994,-0.09952463374381385
COM,1990-1994,1.1565201853394536
CPV,1990-1994,-0.37804333795760237
CRI,1990-1994,-1.794937148126704
CUB,1990-1994,-0.058379099123303343
CYP,1990-1994,-0.18268797011152196
CZE,1990-1994,-0.5534038021338101
DEU,1990-1994,-1.263409913108101
DJI,1990-1994,0.8175956753582413
DMA,1990-1994,0.03442852848779594
DNK,1990-1994,1.4906022681184914
DOM,1990-1994,-0.1286077993793706
DZA,1990-1994,0.2645384201901688
ECU,1990-1994,-1.8985950414724504
EGY,1990-1994,0.18803262287047148
ERI,1990-1994,0.8256518807751861
ESP,1990-1994,-1.9387448625095989
EST,1990-1994,0.12352053634617628
ETH,1990-1994,1.0168402968126533
FIN,1990-1994,-0.353195800762884
FJI,1990-1994,1.566410497849268
FRA,1990-1994,-1.153315406724884
FSM,1990-1994,1.32067735065751
GAB,1990-1994,-0.6304285145429044
GBR,1990-1994,-0.6587513127030072
GEO,1990-1994,-0.05740551938020724
GHA,1990-1994,0.5782370493598141
GIN,1990-1994,0.2609642641335149
GMB,1990-1994,1.214419877678875
GNB,1990-1994,0.8114509457848945
GNQ,1990-1994,0.701096580709984
GRC,1990-1994,-0.37926518464925446
GRD,1990-1994,1.0168402968126533
GTM,1990-1994,-1.2785248491742849
GUY,1990-1994,1.0393090869314077
HND,1990-1994,-0.9641074167454474
HRV,1990-1994,-1.2737272966550037
HTI,1990-1994,0.47222298400341994
HUN,1990-1994,-0.17248043077386296
IDN,1990-1994,1.0393090869314077
IND,1990-1994,0.43655075838762036
IRL,1990-1994,0.22638164247432804
IRN,1990-1994,0.7169615260739935
IRQ,1990-1994,0.4445762792158325
ISL,1990-1994,-0.07093807675745657
ISR,1990-1994,0.6885292678873278
ITA,1990-1994,-1.301598508049129
JAM,1990-1994,0.16449793622094205
JOR,1990-1994,0.43655075838762036
JPN,1990-1994,0.12933657540996657
KAZ,1990-1994,-0.6336762985070012
KEN,1990-1994,0.4638484270407912
KGZ,1990-1994,-0.5443506663295783
KHM,1990-1994,-0.35325803750564067
KIR,1990-1994,0
KNA,1990-1994,1.3057179536672248
KOR,1990-1994,-0.18875699197213433
KWT,1990-1994,0.19660648337052555
LAO,1990-1994,0.43655075838762036
LBN,1990-1994,0.5382717568612564
LBR,1990-1994,1.3200384007636234
LBY,1990-1994,-0.25941618730534793
LCA,1990-1994,1.1705543721009135
LIE,1990-1994,0.059480546203990084
LKA,1990-1994,-0.20266377467583496
LSO,1990-1994,-0.7605630940842195
LTU,1990-1994,-0.7211529485617825
LUX,1990-1994,-0.39320037545560976
LVA,1990-1994,0.5125708510666244
MAR,1990-1994,-0.809278448944591
MCO,1990-1994,0.33092868407006776
MDA,1990-1994,-0.02814407394168781
MDG,1990-1994,0.2656708723548368
MDV,1990-1994,-0.2559366632746621
MEX,1990-1994,-1.6218176875034873
MHL,1990-1994,1.566410497849268
MKD,1990-1994,-0.6276340113309045
MLI,1990-1994,-1.6080497080109117
MLT,1990-1994,0.22282076857143462
MMR,1990-1994,1.2060622641725165
MNE,1990-1994,0
MNG,1990-1994,-1.31812185074485
MOZ,1990-1994,-0.30421367203622846
MRT,1990-1994,0.19064180546374185
MUS,1990-1994,0.3642814328821057
MWI,1990-1994,0.47614368922366224
MYS,1990-1994,0
NAM,1990-1994,-0.7560323540809664
NER,1990-1994,-0.9116503684116914
NGA,1990-1994,-0.24989514194857618
NIC,1990-1994,-0.3610682323314755
NIU,1990-1994,0
NLD,1990-1994,-0.01565888134445988
NOR,1990-1994,-0.3973755310111142
NPL,1990-1994,0.35505704419331224
NRU,1990-1994,1.0259811579948352
NZL,1990-1994,-0.350587794735
OMN,1990-1994,0
PAK,1990-1994,1.1628498168957055
PAN,1990-1994,-1.3400971287341172
PER,1990-1994,-1.657039439289429
PHL,1990-1994,-0.8064628095984433
PLW,1990-1994,0
PNG,1990-1994,1.3881188173219443
POL,1990-1994,0.0012031217456038297
PRK,1990-1994,-1.4163368468220936
PRT,1990-1994,-1.6076350809204174
PRY,1990-1994,-1.657039439289429
PSE,1990-1994,0
QAT,1990-1994,0
ROU,1990-1994,-0.47925024860063475
RUS,1990-1994,0.42634111477990816
RWA,1990-1994,-0.7527564268213719
SAU,1990-1994,0
SDN,1990-1994,-0.12917284930335557
SEN,1990-1994,-0.9412432597472972
SGP,1990-1994,0
SLB,1990-1994,0
SLE,1990-1994,0.19660648337052555
SLV,1990-1994,-0.9508477307258396
SMR,1990-1994,-0.02494526368794412
SOM,1990-1994,1.576426351643922
SRB,1990-1994,0
SSD,1990-1994,0
STP,1990-1994,1.6444845633184273
SUR,1990-1994,1.3678391315740686
SVK,1990-1994,-0.6375760639545247
SVN,1990-1994,-1.2737272966550037
SWE,1990-1994,-0.781439452495613
SWZ,1990-1994,0
SYC,1990-1994,0.5638401361124361
SYR,1990-1994,-0.5356221587095616
TCD,1990-1994,0.32373311645031577
TGO,1990-1994,-0.11665226235769358
THA,1990-1994,-0.15846898568654863
TJK,1990-1994,0.07362544784032153
TKM,1990-1994,0.1386970106538981
TLS,1990-1994,0
TON,1990-1994,0
TTO,1990-1994,1.566410497849268
TUN,1990-1994,-1.067193486283001
TUR,1990-1994,0
TUV,1990-1994,0
TZA,1990-1994,-0.5241120470740138
UGA,1990-1994,-0.5664759471049576
UKR,1990-1994,-0.5995898135155325
URY,1990-1994,-1.7839091048935953
USA,1990-1994,0.32373311645031577
UZB,1990-1994,0.8256518807751861
VAT,1990-1994,0.32373311645031577
VCT,1990-1994,0.6694787962211055
VEN,1990-1994,-0.3662104216741334
VNM,1990-1994,0.3173494822580782
VUT,1990-1994,0.2844741865318395
WSM,1990-1994,0.8197661128708139
YEM,1990-1994,-0.12917284930335557
ZAF,1990-1994,0
ZMB,1990-1994,1.0367830325553484
ZWE,1990-1994,0.8175956753582413
AFG,1995-1999,-0.06286060589648182
AGO,1995-1999,0.3875720894820727
ALB,1995-1999,-0.4697475189448806
AND,1995-1999,-0.5598802152563492
ARE,1995-1999,1.4095535331228501
ARG,1995-1999,-1.7312663844906413
ARM,1995-1999,0.02634943301118331
ATG,1995-1999,0.7579776522028474
AUS,1995-1999,-0.13190549517257735
AUT,1995-1999,-1.261705553399593
AZE,1995-1999,-1.4055427465584394
BDI,1995-1999,0.31328820596552753
BEL,1995-1999,-1.160761652992246
BEN,1995-1999,0.19471858108832446
BFA,1995-1999,-0.6644771035368637
BGD,1995-1999,-0.8068488077572481
BGR,1995-1999,-0.19573033407125856
BHR,1995-1999,0.21463016302041266
BHS,1995-1999,1.5914540258104415
BIH,1995-1999,-1.5274750325061803
BLR,1995-1999,0.18942357027468282
BLZ,1995-1999,-0.59150390331619
BOL,1995-1999,-2.4202330049840675
BRA,1995-1999,-1.6244681202344702
BRB,1995-1999,1.5151142878714434
BRN,1995-1999,1.178243520796194
BTN,1995-1999,0.9012059786486042
BWA,1995-1999,0.16841896383721097
CAF,1995-1999,0.9620766326395201
CAN,1995-1999,-0.01395111122240492
CHE,1995-1999,-0.3145331585709539
CHL,1995-1999,-1.39625461261422
CHN,1995-1999,0.2308947498900269
CIV,1995-1999,1.045751604965562
CMR,1995-1999,1.2130129453495893
COD,1995-1999,0.028407938301347507
COG,1995-1999,0.7672061014346402
COK,1995-1999,0.473932652812765
COL,1995-1999,-0.10858412983275889
COM,1995-1999,1.2623344080545624
CPV,1995-1999,-0.4125752361471593
CRI,1995-1999,-1.959053481974367
CUB,1995-1999,-0.06367556036338973
CYP,1995-1999,-0.19935331062231634
CZE,1995-1999,-0.6039735900504605
DEU,1995-1999,-1.3789145190152843
DJI,1995-1999,0.8924129789003465
DMA,1995-1999,0.03761994691446249
DNK,1995-1999,1.028372393376971
DOM,1995-1999,-0.14032714578579913
DZA,1995-1999,0.2887749306241032
ECU,1995-1999,-2.0721915843687784
EGY,1995-1999,0.20436643586063902
ERI,1995-1999,0.9012059786486042
ESP,1995-1999,-2.1160133757560073
EST,1995-1999,0.1348600160924302
ETH,1995-1999,1.1098798566666048
FIN,1995-1999,-0.38545522490562684
FJI,1995-1999,1.7097119382641899
FRA,1995-1999,-1.2587511320659002
FSM,1995-1999,1.4415048470627414
GAB,1995-1999,-0.6880427288802938
GBR,1995-1999,-0.7189558368995468
GEO,1995-1999,-0.06261293994425132
GHA,1995-1999,0.6311634031353826
GIN,1995-1999,0.28487389473984404
GMB,1995-1999,1.3255294156141835
GNB,1995-1999,0.8857062730104395
GNQ,1995-1999,0.7652592619710863
GRC,1995-1999,-0.4139088291306736
GRD,1995-1999,1.1098798566666048
GTM,1995-1999,-1.3954118172138308
GUY,1995-1999,1.1344035681706712
HND,1995-1999,-1.0522388034905008
HRV,1995-1999,-1.3901754963308823
HTI,1995-1999,0.5154536402916318
HUN,1995-1999,-0.18821222327270848
IDN,1995-1999,1.1344035681706712
IND,1995-1999,0.4765189502332851
IRL,1995-1999,0.2471284608051035
IRN,1995-1999,0.7825751626065478
IRQ,1995-1999,0.4852784586757073
ISL,1995-1999,-0.07738314019040675
ISR,1995-1999,0.7515425834185042
ITA,1995-1999,-1.4205957167014345
JAM,1995-1999,0.17958507396934498
JOR,1995-1999,0.4765189502332851
JPN,1995-1999,0.14120797085546646
KAZ,1995-1999,-0.6915875443426477
KEN,1995-1999,0.5063131743778362
KGZ,1995-1999,-0.5940924843123696
KHM,1995-1999,-0.3855231538673128
KIR,1995-1999,1.3616854157856813
KNA,1995-1999,1.4251773131492345
KOR,1995-1999,-0.20597738520572043
KWT,1995-1999,0.21463016302041266
LAO,1995-1999,0.4765189502332851
LBN,1995-1999,0.5875430164166366
LBR,1995-1999,1.4408074608348649
LBY,1995-1999,-0.28309883728911234
LCA,1995-1999,1.2776521147307314
LIE,1995-1999,0.06496313996106777
LKA,1995-1999,-0.22115603605409978
LSO,1995-1999,-0.8300789880520493
LTU,1995-1999,-0.7870645206127076
LUX,1995-1999,-0.4291184863238134
LVA,1995-1999,0.5594915897562047
MAR,1995-1999,-0.8841564532245829
MCO,1995-1999,0.3612370300588773
MDA,1995-1999,-0.030675339301207284
MDG,1995-1999,0.29001095383422526
MDV,1995-1999,-0.2793010877704369
MEX,1995-1999,-1.7701010865465674
MHL,1995-1999,1.7097119382641899
MKD,1995-1999,-0.6849926497725509
MLI,1995-1999,-1.7550739330100138
MLT,1995-1999,0.24324192021149738
MMR,1995-1999,1.3164074416812253
MNE,1995-1999,0
MNG,1995-1999,-1.4386302298099745
MOZ,1995-1999,-0.331993352750413
MRT,1995-1999,0.20811997533151844
MUS,1995-1999,0.3976401105429897
MWI,1995-1999,0.5197329200914373
MYS,1995-1999,1.0764804423374594
NAM,1995-1999,-0.82513388152314
NER,1995-1999,-0.9949842061664507
NGA,1995-1999,-0.2727070288443663
NIC,1995-1999,-0.3940476437355015
NIU,1995-1999,1.658159218832964
NLD,1995-1999,-0.017048292001248314
NOR,1995-1999,-0.4336754879689904
NPL,1995-1999,0.3875720894820727
NRU,1995-1999,1.1198567118409717
NZL,1995-1999,-0.38260869938708036
OMN,1995-1999,-0.04150100552852384
PAK,1995-1999,1.269242926973189
PAN,1995-1999,-1.462615294353501
PER,1995-1999,-1.8085441034388918
PHL,1995-1999,-0.8801765401522215
PLW,1995-1999,1.2061676343783665
PNG,1995-1999,1.5151142878714434
POL,1995-1999,0.001355854107606396
PRK,1995-1999,-0.8864668836240392
PRT,1995-1999,-1.7546213853906965
PRY,1995-1999,-1.8085441034388918
PSE,1995-1999,0
QAT,1995-1999,-0.04150100552852384
ROU,1995-1999,-0.5230381972587328
RUS,1995-1999,0.4653755663522865
RWA,1995-1999,-0.8215583487108057
SAU,1995-1999,0.3676684380799547
SDN,1995-1999,-0.1409438734682889
SEN,1995-1999,-1.02728356590891
SGP,1995-1999,1.075943472695264
SLB,1995-1999,1.0307661263466577
SLE,1995-1999,0.21463016302041266
SLV,1995-1999,-1.0377664301995133
SMR,1995-1999,-0.027183976189931645
SOM,1995-1999,1.720643808958933
SRB,1995-1999,0
SSD,1995-1999,0
STP,1995-1999,1.7949264016359716
SUR,1995-1999,1.4929798884020296
SVK,1995-1999,-0.6958439698000904
SVN,1995-1999,-1.3901754963308823
SWE,1995-1999,-0.8528646293723431
SWZ,1995-1999,0.8673935276001798
SYC,1995-1999,0.6145444551107093
SYR,1995-1999,-0.5845656965950505
TCD,1995-1999,0.3533833790768907
TGO,1995-1999,-0.1272781949906479
THA,1995-1999,-0.17291933771453236
TJK,1995-1999,0.08040168788089028
TKM,1995-1999,0.15142448065687547
TLS,1995-1999,0
TON,1995-1999,1.658159218832964
TTO,1995-1999,1.7097119382641899
TUN,1995-1999,-1.1647527847911574
TUR,1995-1999,-1.0936265694963043
TUV,1995-1999,1.4635808066204894
TZA,1995-1999,-0.5720029079991227
UGA,1995-1999,-0.6182412707145656
UKR,1995-1999,-0.6543836220444164
URY,1995-1999,-1.947016850281415
USA,1995-1999,0.3533833790768907
UZB,1995-1999,0.9012059786486042
VAT,1995-1999,0.3533833790768907
VCT,1995-1999,0.7307498182492725
VEN,1995-1999,-0.3996601205049157
VNM,1995-1999,0.34641591879359984
VUT,1995-1999,0.31053395654065874
WSM,1995-1999,0.8947819194251994
YEM,1995-1999,-0.1409438734682889
ZAF,1995-1999,-0.27892605812296584
ZMB,1995-1999,1.1316464902588035
ZWE,1995-1999,0.8924129789003465
AFG,2000-2004,-0.0702324874655717
AGO,2000-2004,0.4184871780671359
ALB,2000-2004,-0.5117469588653057
AND,2000-2004,-0.613578355916832
ARE,2000-2004,1.5371778510018588
ARG,2000-2004,-1.880890904359162
ARM,2000-2004,0.026563957718293563
ATG,2000-2004,0.8203478803318583
AUS,2000-2004,-0.14515037486921745
AUT,2000-2004,-1.371220208254725
AZE,2000-2004,-1.4840197127671833
BDI,2000-2004,0.3378919954179903
BEL,2000-2004,-1.2616617319055554
BEN,2000-2004,0.20924649611957563
BFA,2000-2004,-0.72306258317572
BGD,2000-2004,-0.8775667643714715
BGR,2000-2004,-0.2144053868914116
BHR,2000-2004,0.2308510968292169
BHS,2000-2004,1.724504534024403
BIH,2000-2004,-1.6166940143381545
BLR,2000-2004,0.20350282140225645
BLZ,2000-2004,-0.6438714986968704
BOL,2000-2004,-2.6288180610964353
BRA,2000-2004,-1.764963841810079
BRB,2000-2004,1.6416911444680196
BRN,2000-2004,1.2846124279121915
BTN,2000-2004,0.9757284393732268
BWA,2000-2004,0.18187235935632196
CAF,2000-2004,1.0417702783651837
CAN,2000-2004,-0.017163013961922935
CHE,2000-2004,-0.3433180331893058
CHL,2000-2004,-1.5172567693001766
CHN,2000-2004,0.2484977157477046
CIV,2000-2004,1.1325362106713515
CMR,2000-2004,1.3139838198224936
COD,2000-2004,0.028798813248191946
COG,2000-2004,0.830356535907626
COK,2000-2004,0.5155201470651662
COL,2000-2004,-0.07272594226447979
COM,2000-2004,1.367485856485254
CPV,2000-2004,-0.40352731297725164
CRI,2000-2004,-2.128156202776177
CUB,2000-2004,-0.07111743427192496
CYP,2000-2004,-0.2183365425086095
CZE,2000-2004,-0.6574032606819977
DEU,2000-2004,-1.4984355580899003
DJI,2000-2004,0.9661881272701635
DMA,2000-2004,0.038792591873325455
DNK,2000-2004,0.565245337422585
DOM,2000-2004,-0.15428850105339653
DZA,2000-2004,0.3112961611202789
ECU,2000-2004,-2.250974567998996
EGY,2000-2004,0.22078033255010293
ERI,2000-2004,0.9757284393732268
ESP,2000-2004,-2.298547198952184
EST,2000-2004,0.1443000105545892
ETH,2000-2004,1.2021019850358394
FIN,2000-2004,-0.42027601580339086
FJI,2000-2004,1.8527757361371346
FRA,2000-2004,-1.3680135819823873
FSM,2000-2004,1.561844564604457
GAB,2000-2004,-0.7486353650444694
GBR,2000-2004,-0.7821830051565405
GEO,2000-2004,-0.06996344708826624
GHA,2000-2004,0.6827693396064619
GIN,2000-2004,0.30706613866224497
GMB,2000-2004,1.436038760124194
GNB,2000-2004,0.9589138218674935
GNQ,2000-2004,0.828247326950133
GRC,2000-2004,-0.45115351608393467
GRD,2000-2004,1.2021019850358394
GTM,2000-2004,-1.5163412963870515
GUY,2000-2004,1.228705027141352
HND,2000-2004,-1.1438810048684345
HRV,2000-2004,-1.5106577464880848
HTI,2000-2004,0.5572322916746699
HUN,2000-2004,-0.20624710542331726
IDN,2000-2004,1.228705027141352
IND,2000-2004,0.5149898704748178
IRL,2000-2004,0.26611414964171354
IRN,2000-2004,0.8470316358733612
IRQ,2000-2004,0.5244931177834468
ISL,2000-2004,-0.08598919790378412
ISR,2000-2004,0.8133637892783052
ITA,2000-2004,-1.543675318564805
JAM,2000-2004,0.1928272356026218
JOR,2000-2004,0.5149898704748178
JPN,2000-2004,0.1511873839100619
KAZ,2000-2004,-0.7524818393347743
KEN,2000-2004,0.5473170793185063
KGZ,2000-2004,-0.6466805007664443
KHM,2000-2004,-0.4203505879833845
KIR,2000-2004,1.4849140622482884
KNA,2000-2004,1.5441341571785607
KOR,2000-2004,-0.22552421647532342
KWT,2000-2004,0.2308510968292169
LAO,2000-2004,0.5149898704748178
LBN,2000-2004,0.6354441907298021
LBR,2000-2004,1.5610877657808389
LBY,2000-2004,-0.3092074850514085
LCA,2000-2004,1.3841000782688075
LIE,2000-2004,0.06846206565998962
LKA,2000-2004,-0.19522660849393197
LSO,2000-2004,-0.9027767993796447
LTU,2000-2004,-0.8560960685110749
LUX,2000-2004,-0.46765737720208395
LVA,2000-2004,0.6050081276255586
MAR,2000-2004,-0.959445441255673
MCO,2000-2004,0.38991829240536513
MDA,2000-2004,-0.0353099669018499
MDG,2000-2004,0.31263972409119156
MDV,2000-2004,-0.30508758381995393
MEX,2000-2004,-1.8806912530441362
MHL,2000-2004,1.8527757361371346
MKD,2000-2004,-0.7453259169903845
MLI,2000-2004,-1.906733091876873
MLT,2000-2004,0.2618941038264502
MMR,2000-2004,1.426141131367786
MNE,2000-2004,0
MNG,2000-2004,-1.5632499149547243
MOZ,2000-2004,-0.3622651616803795
MRT,2000-2004,0.22378758005105853
MUS,2000-2004,0.4294111844900089
MWI,2000-2004,0.5618742849141167
MYS,2000-2004,1.1734912088497325
NAM,2000-2004,-0.8974102161773094
NER,2000-2004,-1.0817419756139754
NGA,2000-2004,-0.2979324133502443
NIC,2000-2004,-0.42960206632686665
NIU,2000-2004,1.8086162079775339
NLD,2000-2004,-0.02052347880600766
NOR,2000-2004,-0.47260281085324185
NPL,2000-2004,0.4184871780671359
NRU,2000-2004,1.2129284956192974
NZL,2000-2004,-0.41718764805336356
OMN,2000-2004,-0.04739060291012148
PAK,2000-2004,1.3749805196369564
PAN,2000-2004,-1.5892837521260876
PER,2000-2004,-1.9647744400045568
PHL,2000-2004,-0.9123550972455698
PLW,2000-2004,1.3151014430416326
PNG,2000-2004,1.6416911444680196
POL,2000-2004,-5.548876695578575e-4
PRK,2000-2004,-0.35985914819806186
PRT,2000-2004,-1.9062415400626127
PRY,2000-2004,-1.9647744400045568
PSE,2000-2004,0
QAT,2000-2004,-0.04739060291012148
ROU,2000-2004,-0.569575040521215
RUS,2000-2004,0.5029002910781336
RWA,2000-2004,-0.8935297459874858
SAU,2000-2004,0.3994706446032173
SDN,2000-2004,-0.15495823512524026
SEN,2000-2004,-1.0724284079859443
SGP,2000-2004,1.1729073038804332
SLB,2000-2004,1.1235788973579073
SLE,2000-2004,0.2308510968292169
SLV,2000-2004,-1.12817380675674
SMR,2000-2004,-0.031520913744688905
SOM,2000-2004,1.8646332204714884
SRB,2000-2004,-1.4653872400262495
SSD,2000-2004,0
STP,2000-2004,1.945211761154167
SUR,2000-2004,1.6176792973105942
SVK,2000-2004,-0.7571020177890123
SVN,2000-2004,-1.5106577464880848
SWE,2000-2004,-0.9275048224420528
SWZ,2000-2004,0.9451790918889513
SYC,2000-2004,0.6655148323168895
SYR,2000-2004,-0.636343658178181
TCD,2000-2004,0.38139571954454177
TGO,2000-2004,-0.14013024888651313
THA,2000-2004,-0.18965342254216538
TJK,2000-2004,0.08521399742815805
TKM,2000-2004,0.16227239465669657
TLS,2000-2004,-0.29649536808379096
TON,2000-2004,1.8086162079775339
TTO,2000-2004,1.8527757361371346
TUN,2000-2004,-1.2659933078878987
TUR,2000-2004,-1.1966190868130313
TUV,2000-2004,1.5961665291656946
TZA,2000-2004,-0.6227104472772095
UGA,2000-2004,-0.6273282988891221
UKR,2000-2004,-0.7121087898208869
URY,2000-2004,-2.1150899187351997
USA,2000-2004,0.38139571954454177
UZB,2000-2004,0.9757284393732268
VAT,2000-2004,0.38139571954454177
VCT,2000-2004,0.7908055727878522
VEN,2000-2004,-0.43569147961701354
VNM,2000-2004,0.37383646554485106
VUT,2000-2004,0.33490448055809074
WSM,2000-2004,0.9687652574880418
YEM,2000-2004,-0.15495823512524026
ZAF,2000-2004,-0.3067048308819816
ZMB,2000-2004,1.2257181373011663
ZWE,2000-2004,0.9661881272701635
AFG,2005-2009,0.002283618756961703
AGO,2005-2009,0.33297113214847984
ALB,2005-2009,-0.6450200543127752
AND,2005-2009,-0.527828876332071
ARE,2005-2009,1.627034710567859
ARG,2005-2009,-2.1219941955745294
ARM,2005-2009,-0.12833510852771685
ATG,2005-2009,0.9243696554467052
AUS,2005-2009,-0.3320912738152757
AUT,2005-2009,-1.4109320112055024
AZE,2005-2009,-1.491841701530323
BDI,2005-2009,0.23854883536465213
BEL,2005-2009,-1.4102119956146049
BEN,2005-2009,0.0873598733449895
BFA,2005-2009,-0.9623248868706893
BGD,2005-2009,-0.8353758249523976
BGR,2005-2009,-0.16909750213053282
BHR,2005-2009,0.3606679164876182
BHS,2005-2009,1.8283833790122408
BIH,2005-2009,-1.6442257426153213
BLR,2005-2009,0.32202874930240705
BLZ,2005-2009,-0.4974664308138792
BOL,2005-2009,-2.783276497651782
BRA,2005-2009,-1.8635807799169093
BRB,2005-2009,1.7353018890680483
BRN,2005-2009,1.3397220793621498
BTN,2005-2009,0.979054392818113
BWA,2005-2009,0.3034199559422095
CAF,2005-2009,1.0550450896367165
CAN,2005-2009,0.0705779273007631
CHE,2005-2009,-0.4385539534878793
CHL,2005-2009,-1.7052850533606883
CHN,2005-2009,0.25108205236664316
CIV,2005-2009,1.1586606181985741
CMR,2005-2009,1.3653499540682934
COD,2005-2009,0.1201207527822013
COG,2005-2009,0.8116499517633669
COK,2005-2009,0.449496073812838
COL,2005-2009,-0.0815178041961
COM,2005-2009,1.425991454347271
CPV,2005-2009,-0.3452243696597687
CRI,2005-2009,-2.276068424280931
CUB,2005-2009,-0.12796644161270482
CYP,2005-2009,-0.29952537108391636
CZE,2005-2009,-0.6940951686878508
DEU,2005-2009,-1.6888793475445834
DJI,2005-2009,0.9680550020455689
DMA,2005-2009,0.1319796931458029
DNK,2005-2009,0.3909280049086385
DOM,2005-2009,-0.22278750671533692
DZA,2005-2009,0.20734875965919516
ECU,2005-2009,-2.3592118262782256
EGY,2005-2009,0.22348474818452796
ERI,2005-2009,0.979054392818113
ESP,2005-2009,-2.468014523338739
EST,2005-2009,0.12769982320505455
ETH,2005-2009,1.2379823172675122
FIN,2005-2009,-0.41144265114965706
FJI,2005-2009,1.9715752725697155
FRA,2005-2009,-1.407220776474755
FSM,2005-2009,1.6455513790080092
GAB,2005-2009,-0.936625193908846
GBR,2005-2009,-0.835848300946094
GEO,2005-2009,-0.12183463628302277
GHA,2005-2009,0.7118796568646358
GIN,2005-2009,0.27074799352880996
GMB,2005-2009,1.503603686010024
GNB,2005-2009,0.9597438202416501
GNQ,2005-2009,0.9336149671020559
GRC,2005-2009,-0.4483238035128661
GRD,2005-2009,1.2379823172675122
GTM,2005-2009,-1.5203108042262092
GUY,2005-2009,1.2682700351171907
HND,2005-2009,-1.2679351671303896
HRV,2005-2009,-1.5718886635845772
HTI,2005-2009,0.4949918809782948
HUN,2005-2009,-0.2850282010802071
IDN,2005-2009,1.2682700351171907
IND,2005-2009,0.44572250132649077
IRL,2005-2009,0.4102010106146113
IRN,2005-2009,0.830943018316227
IRQ,2005-2009,0.45679937123909287
ISL,2005-2009,0.10432971054136203
ISR,2005-2009,0.7920369174004104
ITA,2005-2009,-1.609884369227956
JAM,2005-2009,0.19821690272824238
JOR,2005-2009,0.44572250132649077
JPN,2005-2009,0.1488485737701007
KAZ,2005-2009,-0.6881560120835829
KEN,2005-2009,0.617535596677535
KGZ,2005-2009,-0.500801214457767
KHM,2005-2009,-0.4135515897289208
KIR,2005-2009,1.5678622259253132
KNA,2005-2009,1.6256399054285766
KOR,2005-2009,-0.18230456232972167
KWT,2005-2009,0.3606679164876182
LAO,2005-2009,0.44572250132649077
LBN,2005-2009,0.7074347847182706
LBR,2005-2009,1.6515027337983168
LBY,2005-2009,-0.09812768862195032
LCA,2005-2009,1.4447365941602701
LIE,2005-2009,0.043662522014286775
LKA,2005-2009,-0.09419084061144899
LSO,2005-2009,-0.8649705020330267
LTU,2005-2009,-0.8101439336440585
LUX,2005-2009,-0.46799756761075406
LVA,2005-2009,0.5505469189494854
MAR,2005-2009,-1.0415297350429262
MCO,2005-2009,0.4315962236657369
MDA,2005-2009,-0.07241927390380584
MDG,2005-2009,0.4581444089024806
MDV,2005-2009,-0.2767952274203281
MEX,2005-2009,-1.9454597263346067
MHL,2005-2009,1.9715752725697155
MKD,2005-2009,-0.679743350082347
MLI,2005-2009,-1.9686447091652404
MLT,2005-2009,0.2867628023304801
MMR,2005-2009,1.492324775943183
MNE,2005-2009,-2.2226234200561
MNG,2005-2009,-1.6323959388653015
MOZ,2005-2009,-0.34467280016325386
MRT,2005-2009,0.10449665013689535
MUS,2005-2009,0.34576955049743147
MWI,2005-2009,0.5003785836802627
MYS,2005-2009,1.2123972676557992
NAM,2005-2009,-0.8586722302466812
NER,2005-2009,-1.2146957088216068
NGA,2005-2009,-0.39496721791452083
NIC,2005-2009,-0.5549556455690732
NIU,2005-2009,1.933120207022728
NLD,2005-2009,-0.06269371331657589
NOR,2005-2009,-0.35698655566142634
NPL,2005-2009,0.33297113214847984
NRU,2005-2009,1.2504407169206453
NZL,2005-2009,-0.4077669837260116
OMN,2005-2009,0.02914449624221402
PAK,2005-2009,1.434499038042989
PAN,2005-2009,-1.6623286531618948
PER,2005-2009,-2.0910958780362767
PHL,2005-2009,-0.827550335763414
PLW,2005-2009,1.3744783775137246
PNG,2005-2009,1.7353018890680483
POL,2005-2009,-0.03883194376088438
PRK,2005-2009,-0.031435585877222144
PRT,2005-2009,-2.0245993601136254
PRY,2005-2009,-2.0910958780362767
PSE,2005-2009,0
QAT,2005-2009,0.02914449624221402
ROU,2005-2009,-0.47201221534048027
RUS,2005-2009,0.5608900054231877
RWA,2005-2009,-0.9732238304075022
SAU,2005-2009,0.3131129334464956
SDN,2005-2009,-0.22766535588851658
SEN,2005-2009,-1.0147949660027518
SGP,2005-2009,1.2118115932381972
SLB,2005-2009,1.2999238570041047
SLE,2005-2009,0.3606679164876182
SLV,2005-2009,-1.1895392753251153
SMR,2005-2009,-0.19713165385014994
SOM,2005-2009,1.9847871256529697
SRB,2005-2009,-1.5360121644464075
SSD,2005-2009,0
STP,2005-2009,2.074725197010514
SUR,2005-2009,1.7082584875712594
SVK,2005-2009,-0.8277445194304945
SVN,2005-2009,-1.5718886635845772
SWE,2005-2009,-1.0150198549429326
SWZ,2005-2009,0.9495691832299314
SYC,2005-2009,0.6249191557808444
SYR,2005-2009,-0.6694380585743858
TCD,2005-2009,0.5400542959284339
TGO,2005-2009,-0.2100297447592453
THA,2005-2009,-0.26515112910233163
TJK,2005-2009,0.25411877882048806
TKM,2005-2009,0.03200425425972876
TLS,2005-2009,-0.08473592690221127
TON,2005-2009,1.933120207022728
TTO,2005-2009,1.9715752725697155
TUN,2005-2009,-1.4112434216347411
TUR,2005-2009,-1.1559515655914112
TUV,2005-2009,1.6937208298429212
TZA,2005-2009,-0.6532978293115645
UGA,2005-2009,-0.6103101008355758
UKR,2005-2009,-0.7740142180008752
URY,2005-2009,-2.205549703844198
USA,2005-2009,0.5400542959284339
UZB,2005-2009,0.979054392818113
VAT,2005-2009,0.5400542959284339
VCT,2005-2009,0.7659557675999806
VEN,2005-2009,-0.3131295874598893
VNM,2005-2009,0.5310493052207289
VUT,2005-2009,0.23506454023165746
WSM,2005-2009,0.9712487603200458
YEM,2005-2009,-0.22766535588851658
ZAF,2005-2009,-0.4102371450419781
ZMB,2005-2009,1.2650083480903325
ZWE,2005-2009,0.9680550020455689
AFG,2010-2014,-0.038169776701113614
AGO,2010-2014,0.31094892971484445
ALB,2010-2014,-0.6780649044586934
AND,2010-2014,-0.5807104566901764
ARE,2010-2014,1.6537851020294385
ARG,2010-2014,-2.195220303890176
ARM,2010-2014,-0.17041699800835608
ATG,2010-2014,1.014482278711247
AUS,2010-2014,-0.29847751986003135
AUT,2010-2014,-1.4448508010342176
AZE,2010-2014,-1.3964821495225515
BDI,2010-2014,0.12988844993719362
BEL,2010-2014,-1.5347991209564804
BEN,2010-2014,0.04400028173192188
BFA,2010-2014,-0.9681040223064429
BGD,2010-2014,-0.7316999398551277
BGR,2010-2014,-0.1896965259996721
BHR,2010-2014,0.4038774860825147
BHS,2010-2014,1.8796725696492924
BIH,2010-2014,-1.8187929509675134
BLR,2010-2014,0.41260755256980947
BLZ,2010-2014,-0.47954732462013033
BOL,2010-2014,-2.8528307862867273
BRA,2010-2014,-1.9044573412644716
BRB,2010-2014,1.7713912443556554
BRN,2010-2014,1.3996600656114142
BTN,2010-2014,1.0440152650413301
BWA,2010-2014,0.3973084257939379
CAF,2010-2014,0.9690121579464364
CAN,2010-2014,0.10550692612665186
CHE,2010-2014,-0.49584048451323354
CHL,2010-2014,-1.7067815593397608
CHN,2010-2014,0.31667872937233027
CIV,2010-2014,1.0925329877348848
CMR,2010-2014,1.4066996090361112
COD,2010-2014,0.10764593148691012
COG,2010-2014,0.7565616662293531
COK,2010-2014,0.553205429525069
COL,2010-2014,-0.10319924578922943
COM,2010-2014,1.4951464415786022
CPV,2010-2014,-0.42241510878389316
CRI,2010-2014,-2.400230682514588
CUB,2010-2014,-0.05952523374725819
CYP,2010-2014,-0.4134652058712941
CZE,2010-2014,-0.7365920991951974
DEU,2010-2014,-1.7075063708388465
DJI,2010-2014,0.8636767281188137
DMA,2010-2014,0.12217728537719622
DNK,2010-2014,0.2749036514476913
DOM,2010-2014,-0.1790637107581826
DZA,2010-2014,0.2760898995701322
ECU,2010-2014,-2.4500391097116454
EGY,2010-2014,0.29147133479939547
ERI,2010-2014,1.0440152650413301
ESP,2010-2014,-2.5491364494332855
EST,2010-2014,0.07412018338337724
ETH,2010-2014,1.1869578445411926
FIN,2010-2014,-0.5825988773737454
FJI,2010-2014,2.0441583795149683
FRA,2010-2014,-1.493729380265935
FSM,2010-2014,1.667072847337438
GAB,2010-2014,-1.2251903349658462
GBR,2010-2014,-0.7699374393892429
GEO,2010-2014,-0.1847034299663917
GHA,2010-2014,0.6178732434867613
GIN,2010-2014,0.3208099815399719
GMB,2010-2014,1.5010160977677511
GNB,2010-2014,0.9198008239906096
GNQ,2010-2014,1.0257031694600487
GRC,2010-2014,-0.5468762084677168
GRD,2010-2014,1.1869578445411926
GTM,2010-2014,-1.4236132574759008
GUY,2010-2014,1.2229210124910814
HND,2010-2014,-1.2730577130192544
HRV,2010-2014,-1.5492495758510156
HTI,2010-2014,0.5452108711823086
HUN,2010-2014,-0.3417925413056199
IDN,2010-2014,1.2229210124910814
IND,2010-2014,0.5028908474440791
IRL,2010-2014,0.4481126158206581
IRN,2010-2014,0.9005983406609506
IRQ,2010-2014,0.4022000223182588
ISL,2010-2014,0.20599557557170814
ISR,2010-2014,0.8157507177259382
ITA,2010-2014,-1.6888974729439454
JAM,2010-2014,0.24977343526506887
JOR,2010-2014,0.5028908474440791
JPN,2010-2014,0.18939229386265707
KAZ,2010-2014,-0.58757120991165
KEN,2010-2014,0.7002525479158496
KGZ,2010-2014,-0.3861882053717704
KHM,2010-2014,-0.45705188460148216
KIR,2010-2014,1.584556298352766
KNA,2010-2014,1.7141230826955838
KOR,2010-2014,-0.09714919948874438
KWT,2010-2014,0.4038774860825147
LAO,2010-2014,0.5028908474440791
LBN,2010-2014,0.7991093480175591
LBR,2010-2014,1.6844535966665035
LBY,2010-2014,0.015609545441166071
LCA,2010-2014,1.4315955728151484
LIE,2010-2014,0.02746184016674591
LKA,2010-2014,-0.054559222990388165
LSO,2010-2014,-0.8217273696084157
LTU,2010-2014,-0.9287824751284847
LUX,2010-2014,-0.6542368674393884
LVA,2010-2014,0.5183882545970421
MAR,2010-2014,-1.097306205931725
MCO,2010-2014,0.4357732402696444
MDA,2010-2014,-0.029108871208348062
MDG,2010-2014,0.5236115568333497
MDV,2010-2014,-0.22437116076461333
MEX,2010-2014,-1.8635333880074045
MHL,2010-2014,2.0441583795149683
MKD,2010-2014,-0.6704110102037074
MLI,2010-2014,-1.88582959847223
MLT,2010-2014,0.1962834295992056
MMR,2010-2014,1.4875681865973824
MNE,2010-2014,-2.349410378363474
MNG,2010-2014,-1.7164249132808225
MOZ,2010-2014,-0.40886517640342046
MRT,2010-2014,-0.04695917411582493
MUS,2010-2014,0.3536234855230993
MWI,2010-2014,0.4894965810636656
MYS,2010-2014,1.1626869673194917
NAM,2010-2014,-0.760735645127339
NER,2010-2014,-1.3212490675167905
NGA,2010-2014,-0.45277164943271975
NIC,2010-2014,-0.5367138721565731
NIU,2010-2014,2.0096774977719094
NLD,2010-2014,-0.12964798974670053
NOR,2010-2014,-0.36534452984533633
NPL,2010-2014,0.31094892971484445
NRU,2010-2014,1.2020678377949143
NZL,2010-2014,-0.3712861142113185
OMN,2010-2014,0.10505903999599625
PAK,2010-2014,1.419761315452358
PAN,2010-2014,-1.7530338126448386
PER,2010-2014,-2.1186758878330822
PHL,2010-2014,-0.7912273605916573
PLW,2010-2014,1.3559244014492096
PNG,2010-2014,1.7713912443556554
POL,2010-2014,0.0030310757419718254
PRK,2010-2014,0.09577475446665093
PRT,2010-2014,-2.193239653510554
PRY,2010-2014,-2.1186758878330822
PSE,2010-2014,0.14716689759987317
QAT,2010-2014,0.10505903999599625
ROU,2010-2014,-0.41043717291365917
RUS,2010-2014,0.5741805262146453
RWA,2010-2014,-0.9042983928663043
SAU,2010-2014,0.314085371919101
SDN,2010-2014,-0.1596160499957163
SEN,2010-2014,-0.9485855365930365
SGP,2010-2014,1.2477350817516186
SLB,2010-2014,1.4033360939447737
SLE,2010-2014,0.4038774860825147
SLV,2010-2014,-1.2394500690789765
SMR,2010-2014,-0.28613970440145053
SOM,2010-2014,2.059289314221956
SRB,2010-2014,-1.5194506476545848
SSD,2010-2014,0
STP,2010-2014,2.16270202931824
SUR,2010-2014,1.7398232262671387
SVK,2010-2014,-1.0364708227989177
SVN,2010-2014,-1.5492495758510156
SWE,2010-2014,-0.9417743604646056
SWZ,2010-2014,0.8463021247153008
SYC,2010-2014,0.570657183867857
SYR,2010-2014,-0.5790430465437775
TCD,2010-2014,0.623816843957438
TGO,2010-2014,-0.3730294146954617
THA,2010-2014,-0.2788294546253084
TJK,2010-2014,0.3340174557939497
TKM,2010-2014,0.0421232561705218
TLS,2010-2014,0.030640465320855584
TON,2010-2014,2.0096774977719094
TTO,2010-2014,2.0441583795149683
TUN,2010-2014,-1.5195395064842434
TUR,2010-2014,-1.193058212918837
TUV,2010-2014,1.7316205012097228
TZA,2010-2014,-0.5661535256410785
UGA,2010-2014,-0.5229366626719014
UKR,2010-2014,-0.8726538969413031
URY,2010-2014,-2.297403493563911
USA,2010-2014,0.623816843957438
UZB,2010-2014,1.0440152650413301
VAT,2010-2014,0.623816843957438
VCT,2010-2014,0.7007567579368277
VEN,2010-2014,-0.31092182664908286
VNM,2010-2014,0.612814762795122
VUT,2010-2014,0.30014597365444595
WSM,2010-2014,0.8680975741735559
YEM,2010-2014,-0.1596160499957163
ZAF,2010-2014,-0.3350824154607466
ZMB,2010-2014,1.2193815173717555
ZWE,2010-2014,0.8636767281188137
AFG,2015-2018,-0.057172971662595586
AGO,2015-2018,0.3274659026092285
ALB,2015-2018,-0.67177649511818
AND,2015-2018,-0.5676248004442499
ARE,2015-2018,1.6489415953742823
ARG,2015-2018,-2.228676576990877
ARM,2015-2018,-0.15408939776369412
ATG,2015-2018,1.0265061334092105
AUS,2015-2018,-0.312923255174901
AUT,2015-2018,-1.4118303685371905
AZE,2015-2018,-1.357743710929795
BDI,2015-2018,0.14438943322156017
BEL,2015-2018,-1.5231577478097096
BEN,2015-2018,0.04253970757232709
BFA,2015-2018,-0.9419860690274121
BGD,2015-2018,-0.6984701711546675
BGR,2015-2018,-0.16890783085715677
BHR,2015-2018,0.4210563586552357
BHS,2015-2018,1.8582031579486387
BIH,2015-2018,-1.8595817494330575
BLR,2015-2018,0.42855368154252754
BLZ,2015-2018,-0.524734754230331
BOL,2015-2018,-2.8433456537586728
BRA,2015-2018,-1.9418537320961917
BRB,2015-2018,1.7801751243548578
BRN,2015-2018,1.3944063602854704
BTN,2015-2018,1.0549846788241086
BWA,2015-2018,0.4159737528311772
CAF,2015-2018,0.8247581521126854
CAN,2015-2018,0.10395644303350726
CHE,2015-2018,-0.5937933150559666
CHL,2015-2018,-1.747590112657623
CHN,2015-2018,0.3350190110597364
CIV,2015-2018,1.1016088848338892
CMR,2015-2018,1.4171924336221935
COD,2015-2018,0.10042479327717345
COG,2015-2018,0.7885985945279169
COK,2015-2018,0.5734799374595572
COL,2015-2018,-0.08202772446221634
COM,2015-2018,1.5022245533460228
CPV,2015-2018,-0.4331211421590434
CRI,2015-2018,-2.3928539084783673
CUB,2015-2018,-0.03988852458277668
CYP,2015-2018,-0.4788815683934847
CZE,2015-2018,-0.8282319474998627
DEU,2015-2018,-1.7002704800181123
DJI,2015-2018,0.8735205592165615
DMA,2015-2018,0.14122947288343976
DNK,2015-2018,0.19249722798463637
DOM,2015-2018,-0.1556359292614597
DZA,2015-2018,0.29596841321286604
ECU,2015-2018,-2.4787438493888296
EGY,2015-2018,0.31113818961297623
ERI,2015-2018,1.0549846788241086
ESP,2015-2018,-2.5412433336825675
EST,2015-2018,0.08931811586506402
ETH,2015-2018,1.1950577968544047
FIN,2015-2018,-0.6664418066340468
FJI,2015-2018,2.0494144429190007
FRA,2015-2018,-1.572576671582237
FSM,2015-2018,1.659249413429207
GAB,2015-2018,-1.2218537857710672
GBR,2015-2018,-0.7426328410305394
GEO,2015-2018,-0.25360855603034627
GHA,2015-2018,0.5929758488979382
GIN,2015-2018,0.32861160797336497
GMB,2015-2018,1.46265235042858
GNB,2015-2018,0.9281126458873763
GNQ,2015-2018,1.0401290706705015
GRC,2015-2018,-0.5602051909938499
GRD,2015-2018,1.1950577968544047
GTM,2015-2018,-1.3843837100250647
GUY,2015-2018,1.2318183196343306
HND,2015-2018,-1.275690531858834
HRV,2015-2018,-1.587906387604756
HTI,2015-2018,0.5621340387332829
HUN,2015-2018,-0.32096992472869035
IDN,2015-2018,1.2318183196343306
IND,2015-2018,0.5187987040602061
IRL,2015-2018,0.45872658137541994
IRN,2015-2018,0.9150449181720317
IRQ,2015-2018,0.4158671837989082
ISL,2015-2018,0.22472748472926873
ISR,2015-2018,0.827872605754613
ITA,2015-2018,-1.7916754361452303
JAM,2015-2018,0.2700017430757426
JOR,2015-2018,0.5187987040602061
JPN,2015-2018,0.2057074895491112
KAZ,2015-2018,-0.5666907575259248
KEN,2015-2018,0.7171146955998383
KGZ,2015-2018,-0.36028403286597976
KHM,2015-2018,-0.4369064980162213
KIR,2015-2018,1.5670994357239654
KNA,2015-2018,1.7248073766374403
KOR,2015-2018,-0.07288904078706132
KWT,2015-2018,0.4210563586552357
LAO,2015-2018,0.5187987040602061
LBN,2015-2018,0.8125236521399759
LBR,2015-2018,1.691370389836216
LBY,2015-2018,0.03800338408571116
LCA,2015-2018,1.4386760637750469
LIE,2015-2018,-0.04536678231262328
LKA,2015-2018,-0.1094189901940745
LSO,2015-2018,-0.7896022410336966
LTU,2015-2018,-0.9040533374940323
LUX,2015-2018,-0.7479822711125057
LVA,2015-2018,0.5322573351161521
MAR,2015-2018,-1.0692087307132452
MCO,2015-2018,0.4431621612049056
MDA,2015-2018,-0.010532383139549954
MDG,2015-2018,0.5174462835287112
MDV,2015-2018,-0.20309314474460954
MEX,2015-2018,-1.822484738289769
MHL,2015-2018,2.0494144429190007
MKD,2015-2018,-0.6446737367390942
MLI,2015-2018,-1.8443774339936176
MLT,2015-2018,0.17116231309657698
MMR,2015-2018,1.49588053078053
MNE,2015-2018,-2.3422121189080314
MNG,2015-2018,-1.8172448831741836
MOZ,2015-2018,-0.38619458626838454
MRT,2015-2018,-0.029744334119590522
MUS,2015-2018,0.3673283883025115
MWI,2015-2018,0.46614763564415634
MYS,2015-2018,1.1710338895568508
NAM,2015-2018,-0.7278215589196386
NER,2015-2018,-1.32154325979671
NGA,2015-2018,-0.4340095784352485
NIC,2015-2018,-0.5121771350058824
NIU,2015-2018,2.0177541835427095
NLD,2015-2018,-0.11496163801735335
NOR,2015-2018,-0.34202327155015855
NPL,2015-2018,0.3274659026092285
NRU,2015-2018,1.2133147072411032
NZL,2015-2018,-0.3703436806875301
OMN,2015-2018,0.12633248948899206
PAK,2015-2018,1.4154656241540935
PAN,2015-2018,-1.7935480102379469
PER,2015-2018,-2.1511270371224174
PHL,2015-2018,-0.7604566066939896
PLW,2015-2018,1.3671198396696074
PNG,2015-2018,1.7801751243548578
POL,2015-2018,0.02117808319915955
PRK,2015-2018,0.11956769422005525
PRT,2015-2018,-2.1865745992922925
PRY,2015-2018,-2.1511270371224174
PSE,2015-2018,0.11639079720719292
QAT,2015-2018,0.12633248948899206
ROU,2015-2018,-0.38644744782899115
RUS,2015-2018,0.5892004072525727
RWA,2015-2018,-0.9064139934055944
SAU,2015-2018,0.3305438406604587
SDN,2015-2018,-0.13648784538846098
SEN,2015-2018,-0.9203871355283455
SGP,2015-2018,1.258436119680236
SLB,2015-2018,1.4170111674970471
SLE,2015-2018,0.4210563586552357
SLV,2015-2018,-1.2797993811163073
SMR,2015-2018,-0.38425475724725405
SOM,2015-2018,2.0669528256605574
SRB,2015-2018,-1.485158376876236
SSD,2015-2018,-0.33257422513874163
STP,2015-2018,2.187365052456481
SUR,2015-2018,1.744670293706815
SVK,2015-2018,-1.0274407556736989
SVN,2015-2018,-1.587906387604756
SWE,2015-2018,-0.9116752230789141
SWZ,2015-2018,0.8563367319427078
SYC,2015-2018,0.5471187398872843
SYR,2015-2018,-0.5484026498809667
TCD,2015-2018,0.6395956590266549
TGO,2015-2018,-0.35619883006731246
THA,2015-2018,-0.28833322111876436
TJK,2015-2018,0.354507894146672
TKM,2015-2018,0.06231425933584514
TLS,2015-2018,0.05533477788625983
TON,2015-2018,2.0177541835427095
TTO,2015-2018,2.0494144429190007
TUN,2015-2018,-1.5649539142860451
TUR,2015-2018,-1.2583177532478564
TUV,2015-2018,1.7407634662159572
TZA,2015-2018,-0.5365649650458213
UGA,2015-2018,-0.4932232970598928
UKR,2015-2018,-0.9631319605517357
URY,2015-2018,-2.328938111769944
USA,2015-2018,0.6395956590266549
UZB,2015-2018,1.0549846788241086
VAT,2015-2018,0.6395956590266549
VCT,2015-2018,0.7135049931675291
VEN,2015-2018,-0.299075370566884
VNM,2015-2018,0.626205109647377
VUT,2015-2018,0.3187210227699783
WSM,2015-2018,0.7513141189339336
YEM,2015-2018,-0.13648784538846098
ZAF,2015-2018,-0.30924318521874694
ZMB,2015-2018,1.2308433158497927
ZWE,2015-2018,0.8735205592165615
