"country_iso3","period","ideal_point"
"ABW","1990-1994",-1.54028447914826
"AFG","1990-1994",-1.20927647718671
"AGO","1990-1994",-1.37463631593023
"ALB","1990-1994",-0.720552358251737
"AND","1990-1994",-1.46252916819614
"ARE","1990-1994",-0.482342517234069
"ARG","1990-1994",0.948138896921586
"ARM","1990-1994",-1.31998652025958
"ATG","1990-1994",0.546235515882459
"AUS","1990-1994",1.04921973725759
"AUT","1990-1994",1.3825573512408
"AZE","1990-1994",-1.01090805580218
"BDI","1990-1994",-1.24377536091867
"BEL","1990-1994",1.16728530245155
"BEN","1990-1994",-0.469523160706218
"BFA","1990-1994",-0.314741886773161
"BGD","1990-1994",-0.478204259957859
"BGR","1990-1994",0.873666268772768
"BHR","1990-1994",-0.668878822389389
"BHS","1990-1994",0.349639192642177
"BIH","1990-1994",-1.15761241033246
"BLR","1990-1994",0.377692399013867
"BLZ","1990-1994",-0.309999940363881
"BOL","1990-1994",-0.385148517403628
"BRA","1990-1994",0.57669434764542
"BRB","1990-1994",0.450680322189728
"BRN","1990-1994",0.113358784794762
"BTN","1990-1994",-1.30597755433014
"BWA","1990-1994",-0.740510183212747
"CAF","1990-1994",-1.0137278028468
"CAN","1990-1994",0.787312099432668
"CHE","1990-1994",1.87690744340233
"CHL","1990-1994",-0.080978111463995
"CHN","1990-1994",0.903706295259226
"CIV","1990-1994",0.401190436196674
"CMR","1990-1994",-0.413060795383348
"COD","1990-1994",-0.459617179652836
"COG","1990-1994",-0.829741930076925
"COK","1990-1994",-1.56273340886601
"COL","1990-1994",0.309322757060653
"COM","1990-1994",-0.941847651552361
"CPV","1990-1994",-0.832440116605239
"CRI","1990-1994",-0.251850023156747
"CUB","1990-1994",0.199923482631684
"CUW","1990-1994",-0.626220604052476
"CYP","1990-1994",0.519183957065032
"CZE","1990-1994",0.874571909054267
"DEU","1990-1994",3.00945516442199
"DJI","1990-1994",0.0502891208609996
"DMA","1990-1994",-0.341622821920188
"DNK","1990-1994",2.14023064905256
"DOM","1990-1994",-0.367844519832863
"DZA","1990-1994",0.29332411473993
"ECU","1990-1994",0.589411176424006
"EGY","1990-1994",0.887252991612378
"ERI","1990-1994",-1.64410898965019
"ESP","1990-1994",2.25367500468009
"EST","1990-1994",0.506857369575917
"ETH","1990-1994",-0.835695240271652
"FIN","1990-1994",2.39062179323046
"FJI","1990-1994",-0.5379033776193
"FRA","1990-1994",2.25514604139981
"GAB","1990-1994",0.322945750841857
"GBR","1990-1994",2.11863074481603
"GEO","1990-1994",-0.435369191672965
"GHA","1990-1994",0.189035923706492
"GIN","1990-1994",-0.451858513562548
"GMB","1990-1994",0.272199081699792
"GNB","1990-1994",-1.59895248548914
"GNQ","1990-1994",-0.758244231765652
"GRC","1990-1994",1.10847075256347
"GRD","1990-1994",-0.333987770475166
"GTM","1990-1994",-0.372385100710329
"GUF","1990-1994",-1.52972509483241
"GUY","1990-1994",-0.373237558523883
"HKG","1990-1994",-3.13775931962593
"HND","1990-1994",-0.384230195328702
"HRV","1990-1994",0.425692217518172
"HTI","1990-1994",-0.943276670126159
"HUN","1990-1994",1.27572975612198
"IDN","1990-1994",0.196554756577014
"IND","1990-1994",0.363767583261631
"IRL","1990-1994",0.133634457255588
"IRN","1990-1994",-0.674509881308929
"IRQ","1990-1994",-2.08709031846649
"ISL","1990-1994",1.19021438510675
"ISR","1990-1994",0.165038627813424
"ITA","1990-1994",1.60412584063304
"JAM","1990-1994",0.60434922167516
"JOR","1990-1994",-0.417562858521636
"JPN","1990-1994",1.08115967137092
"KAZ","1990-1994",0.15527861776118
"KEN","1990-1994",0.659447895150752
"KGZ","1990-1994",-1.7380977276252
"KHM","1990-1994",-0.820763955756375
"KIR","1990-1994",-0.766145497259108
"KNA","1990-1994",-0.243094055230748
"KOR","1990-1994",0.611963184540166
"KWT","1990-1994",-0.684338620803543
"LAO","1990-1994",-1.2618630117918
"LBN","1990-1994",0.25086598216425
"LBR","1990-1994",0.114760260797134
"LBY","1990-1994",-0.50834285896814
"LCA","1990-1994",-0.247188035326209
"LIE","1990-1994",-0.154997109799958
"LKA","1990-1994",-0.278318365166312
"LSO","1990-1994",-0.919732038872912
"LTU","1990-1994",0.347368616313865
"LUX","1990-1994",1.64163301379117
"LVA","1990-1994",0.410484466482262
"MAC","1990-1994",-3.44175986091047
"MAR","1990-1994",0.299328942052497
"MCO","1990-1994",0.862075876208983
"MDA","1990-1994",-0.470450768130622
"MDG","1990-1994",-0.954160076931903
"MDV","1990-1994",-0.513877187886121
"MEX","1990-1994",0.705731045461577
"MHL","1990-1994",0.288476496408877
"MKD","1990-1994",-0.673259008447331
"MLI","1990-1994",-0.757848679627061
"MLT","1990-1994",0.351831146312767
"MMR","1990-1994",0.18507502892322
"MNE","1990-1994",0.821499633256429
"MNG","1990-1994",-0.873833683634454
"MOZ","1990-1994",-0.600930233087405
"MRT","1990-1994",-0.453225492634883
"MSR","1990-1994",-1.77095180027215
"MUS","1990-1994",-0.188094374212691
"MWI","1990-1994",-0.532512265016387
"MYS","1990-1994",-0.292710729742162
"NAM","1990-1994",-0.816579757503165
"NER","1990-1994",-0.659497412646908
"NGA","1990-1994",-0.309410269582549
"NIC","1990-1994",-0.72088250385593
"NIU","1990-1994",-1.90096596218565
"NLD","1990-1994",2.44460231719994
"NOR","1990-1994",2.6254309296714
"NPL","1990-1994",-0.606169126898332
"NRU","1990-1994",-1.20448918607727
"NZL","1990-1994",-0.0334454823238128
"OMN","1990-1994",0.433754601050092
"PAK","1990-1994",-0.251485760485281
"PAN","1990-1994",0.766381912398339
"PER","1990-1994",0.764447961732966
"PHL","1990-1994",-0.146362790725077
"PLW","1990-1994",-1.85160307101886
"PNG","1990-1994",0.381843354165386
"POL","1990-1994",0.788730398105609
"PRK","1990-1994",0.174722272602827
"PRT","1990-1994",1.27808593612018
"PRY","1990-1994",-0.567912687515328
"PSE","1990-1994",-0.521335514031475
"QAT","1990-1994",-1.1787408361477
"ROU","1990-1994",0.513993320752851
"RUS","1990-1994",1.39914681804397
"RWA","1990-1994",-1.71155776410707
"SAU","1990-1994",-1.78665478000171
"SDN","1990-1994",-0.72717287678553
"SEN","1990-1994",-0.052058215489196
"SGP","1990-1994",0.21650488681601
"SHN","1990-1994",-1.77095180027215
"SLB","1990-1994",-0.36087612990322
"SLE","1990-1994",-1.17583252605705
"SLV","1990-1994",-0.754391037285482
"SMR","1990-1994",-1.82561709703434
"SOM","1990-1994",-1.59295833302162
"SRB","1990-1994",-1.71182224168245
"SSD","1990-1994",-0.424778372129079
"STP","1990-1994",-0.831918837140026
"SUR","1990-1994",0.217436271937804
"SVK","1990-1994",0.74952061236857
"SVN","1990-1994",0.437720824175392
"SWE","1990-1994",3.04928448300868
"SWZ","1990-1994",-0.947262859228333
"SYC","1990-1994",0.401769555431785
"SYR","1990-1994",0.0718784552473491
"TCD","1990-1994",-0.758108902934517
"TGO","1990-1994",0.284175193723993
"THA","1990-1994",-0.486948961411692
"TJK","1990-1994",-1.23408035841954
"TKL","1990-1994",-3.93636973464816
"TKM","1990-1994",-0.825364170975154
"TLS","1990-1994",-1.30853159208772
"TON","1990-1994",-0.719170155079391
"TTO","1990-1994",-0.495445263757563
"TUN","1990-1994",0.615576496823053
"TUR","1990-1994",0.33016937818182
"TUV","1990-1994",0.223654164591745
"TWN","1990-1994",-1.54204744581091
"TZA","1990-1994",-0.62348625251479
"UGA","1990-1994",-0.686906878423307
"UKR","1990-1994",0.590074314301301
"URY","1990-1994",0.689240955205141
"USA","1990-1994",1.30892691024794
"UZB","1990-1994",-0.792030085144774
"VAT","1990-1994",-1.66926808553225
"VCT","1990-1994",0.324992833295931
"VEN","1990-1994",0.583955311518397
"VGB","1990-1994",-1.77095180027215
"VNM","1990-1994",0.172434556186798
"VUT","1990-1994",0.32297037389645
"WSM","1990-1994",-0.644648708024057
"YEM","1990-1994",-0.926480199724133
"ZAF","1990-1994",0.620614444165991
"ZMB","1990-1994",-0.789929605726494
"ZWE","1990-1994",-0.723578580511369
"ABW","1995-1999",-1.54028447914826
"AFG","1995-1999",-1.71093714286027
"AGO","1995-1999",-1.19265013769244
"ALB","1995-1999",-0.723072684843375
"AND","1995-1999",-2.15383404145935
"ARE","1995-1999",-0.620803090301857
"ARG","1995-1999",0.609470816012565
"ARM","1995-1999",-1.27071379882267
"ATG","1995-1999",0.268637074848751
"AUS","1995-1999",0.855751788995033
"AUT","1995-1999",1.56146177649915
"AZE","1995-1999",-0.484815587250882
"BDI","1995-1999",-0.942576413306427
"BEL","1995-1999",1.46450420577356
"BEN","1995-1999",-0.538177153721053
"BFA","1995-1999",-0.570218961995967
"BGD","1995-1999",-0.532670553601874
"BGR","1995-1999",1.49350226924231
"BHR","1995-1999",-0.617443094700548
"BHS","1995-1999",0.0920271431714531
"BIH","1995-1999",-1.24629092011242
"BLR","1995-1999",-0.0262689002638966
"BLZ","1995-1999",0.207499636662805
"BOL","1995-1999",0.128223776571613
"BRA","1995-1999",0.575030235358448
"BRB","1995-1999",0.158572030442404
"BRN","1995-1999",-0.223867656100812
"BTN","1995-1999",-1.76364224211005
"BWA","1995-1999",-0.888540006472597
"CAF","1995-1999",-1.10824832656472
"CAN","1995-1999",0.171800450880024
"CHE","1995-1999",2.01262869345423
"CHL","1995-1999",0.0791416638440295
"CHN","1995-1999",0.657276387584013
"CIV","1995-1999",0.136596215922974
"CMR","1995-1999",-0.586138705088467
"COD","1995-1999",-0.59750340458484
"COG","1995-1999",-0.643358786468008
"COK","1995-1999",-1.65459607215353
"COL","1995-1999",0.0928789394233533
"COM","1995-1999",-0.713016126811594
"CPV","1995-1999",-1.03705608105835
"CRI","1995-1999",-0.604114158553363
"CUB","1995-1999",-0.114563212384867
"CUW","1995-1999",-0.626220604052476
"CYP","1995-1999",0.547918509433633
"CZE","1995-1999",1.30351741259471
"DEU","1995-1999",2.92649731144073
"DJI","1995-1999",-0.223965827701565
"DMA","1995-1999",-0.577589584862386
"DNK","1995-1999",2.56918279442491
"DOM","1995-1999",-0.0209612237067272
"DZA","1995-1999",0.0990397781048036
"ECU","1995-1999",0.38608296097773
"EGY","1995-1999",0.502874582055727
"ERI","1995-1999",-1.40148415542403
"ESP","1995-1999",2.47440437133667
"EST","1995-1999",0.896554091802997
"ETH","1995-1999",-0.678310422333971
"FIN","1995-1999",2.73556879508926
"FJI","1995-1999",-0.582297192135562
"FRA","1995-1999",2.5694489418239
"GAB","1995-1999",0.0442063777154611
"GBR","1995-1999",2.25639669249579
"GEO","1995-1999",0.114430811628934
"GHA","1995-1999",-0.164292048483196
"GIN","1995-1999",-0.512989734883247
"GMB","1995-1999",0.0762719884178907
"GNB","1995-1999",-1.53907394121468
"GNQ","1995-1999",-0.183952458213302
"GRC","1995-1999",1.49071553440864
"GRD","1995-1999",-0.5706414845594
"GTM","1995-1999",-0.017447264674796
"GUF","1995-1999",-1.52972509483241
"GUY","1995-1999",0.0977539678910782
"HKG","1995-1999",-3.58679606224651
"HND","1995-1999",-0.563980788520404
"HRV","1995-1999",0.821994006986159
"HTI","1995-1999",-1.26270470370228
"HUN","1995-1999",1.31353678259131
"IDN","1995-1999",-0.142215982553535
"IND","1995-1999",0.00695802828552897
"IRL","1995-1999",1.48153799359327
"IRN","1995-1999",-0.490102453393812
"IRQ","1995-1999",-2.14011256124942
"ISL","1995-1999",1.10012217010209
"ISR","1995-1999",-0.0282580475145467
"ITA","1995-1999",2.10344569939468
"JAM","1995-1999",0.357473636207795
"JOR","1995-1999",-0.623619304590911
"JPN","1995-1999",0.866852426295975
"KAZ","1995-1999",-0.0142671898082879
"KEN","1995-1999",0.392328488498789
"KGZ","1995-1999",-1.6521161659853
"KHM","1995-1999",-0.194108927048375
"KIR","1995-1999",-0.785211140575712
"KNA","1995-1999",0.0495533706234028
"KOR","1995-1999",0.737707309979683
"KWT","1995-1999",-0.66059467501753
"LAO","1995-1999",-1.01858256464795
"LBN","1995-1999",0.0254219202052831
"LBR","1995-1999",0.0961070978356402
"LBY","1995-1999",-0.679541345143254
"LCA","1995-1999",-0.523569598359284
"LIE","1995-1999",-0.415428553291896
"LKA","1995-1999",0.177497693652426
"LSO","1995-1999",-1.02625503854202
"LTU","1995-1999",0.913205824086919
"LUX","1995-1999",1.66068242695457
"LVA","1995-1999",1.08931778336687
"MAC","1995-1999",-3.97625100880819
"MAR","1995-1999",0.48688995115069
"MCO","1995-1999",0.716525496667251
"MDA","1995-1999",-0.517601252018322
"MDG","1995-1999",-0.622679386526281
"MDV","1995-1999",-0.666023413659616
"MEX","1995-1999",0.244129279463147
"MHL","1995-1999",0.0598479458599352
"MKD","1995-1999",-0.439686385352135
"MLI","1995-1999",-0.675370786713814
"MLT","1995-1999",0.0625272934695042
"MMR","1995-1999",-0.175193027654101
"MNE","1995-1999",0.821499633256429
"MNG","1995-1999",-0.536465147826044
"MOZ","1995-1999",-0.626723540982844
"MRT","1995-1999",0.145014687940854
"MSR","1995-1999",-4.24945181522432
"MUS","1995-1999",0.261512474451597
"MWI","1995-1999",-0.555460823320593
"MYS","1995-1999",0.0193341826077528
"NAM","1995-1999",-0.686287722063255
"NER","1995-1999",-0.753271909306574
"NGA","1995-1999",-0.520091954311553
"NIC","1995-1999",-0.616032664912622
"NIU","1995-1999",-1.88922375046951
"NLD","1995-1999",2.47249473001387
"NOR","1995-1999",2.548898638477
"NPL","1995-1999",-0.953712685114307
"NRU","1995-1999",-1.67348785516516
"NZL","1995-1999",0.378739917596319
"OMN","1995-1999",0.235752548984207
"PAK","1995-1999",0.185366761630309
"PAN","1995-1999",0.617928127536457
"PER","1995-1999",0.645698340208039
"PHL","1995-1999",-0.44073272211225
"PLW","1995-1999",-1.78893717970968
"PNG","1995-1999",0.0611511878983645
"POL","1995-1999",1.35306260415646
"PRK","1995-1999",-0.0169675731497682
"PRT","1995-1999",1.28227400919065
"PRY","1995-1999",-0.734613437335227
"PSE","1995-1999",-0.521335514031475
"QAT","1995-1999",-0.725945441309884
"ROU","1995-1999",0.58452930410896
"RUS","1995-1999",1.05642398998292
"RWA","1995-1999",-1.67000225914581
"SAU","1995-1999",-0.826154028121193
"SDN","1995-1999",-0.673286742441245
"SEN","1995-1999",0.596982714114676
"SGP","1995-1999",0.131826412646085
"SHN","1995-1999",-4.24945181522432
"SLB","1995-1999",-0.507940489255559
"SLE","1995-1999",-1.04391916214241
"SLV","1995-1999",-0.777015012140522
"SMR","1995-1999",-1.9761688356624
"SOM","1995-1999",-1.83170743006334
"SRB","1995-1999",-1.61405733216117
"SSD","1995-1999",-0.424778372129079
"STP","1995-1999",-0.176919240859953
"SUR","1995-1999",-0.0913471824812455
"SVK","1995-1999",1.32750308997762
"SVN","1995-1999",0.989398928692795
"SWE","1995-1999",3.00957276772051
"SWZ","1995-1999",-1.10383985551611
"SYC","1995-1999",-0.0949621174699569
"SYR","1995-1999",-0.248697741683334
"TCD","1995-1999",-0.91440530531857
"TGO","1995-1999",0.165876480726508
"THA","1995-1999",-0.592160108722578
"TJK","1995-1999",-0.877853381137688
"TKL","1995-1999",-4.39624189773226
"TKM","1995-1999",-0.873683360683776
"TLS","1995-1999",-1.30853159208772
"TON","1995-1999",0.0491017790270371
"TTO","1995-1999",-0.503219955535514
"TUN","1995-1999",0.907599675340043
"TUR","1995-1999",0.218240493209621
"TUV","1995-1999",-0.0435254199551847
"TWN","1995-1999",-1.54204744581091
"TZA","1995-1999",-0.599938250882532
"UGA","1995-1999",-0.853182000599963
"UKR","1995-1999",0.872191783942879
"URY","1995-1999",0.538933854792651
"USA","1995-1999",0.819578310981792
"UZB","1995-1999",-0.684942746206467
"VAT","1995-1999",-3.09518330178661
"VCT","1995-1999",0.290986608746523
"VEN","1995-1999",0.311611239719297
"VGB","1995-1999",-4.24945181522432
"VNM","1995-1999",-0.175507121123505
"VUT","1995-1999",0.122950259284815
"WSM","1995-1999",-0.615876198677052
"YEM","1995-1999",-0.80428429729628
"ZAF","1995-1999",0.612180992980324
"ZMB","1995-1999",-1.00614762560199
"ZWE","1995-1999",-1.02222524432602
"ABW","2000-2004",-4.92215197931206
"AFG","2000-2004",-1.3887977808305
"AGO","2000-2004",-0.12824071900188
"ALB","2000-2004",-0.650987002844315
"AND","2000-2004",-2.18784868756626
"ARE","2000-2004",-0.862198300150868
"ARG","2000-2004",0.459044041475894
"ARM","2000-2004",-1.04935653020969
"ATG","2000-2004",0.205428171262715
"AUS","2000-2004",0.807194682012629
"AUT","2000-2004",1.334516778426
"AZE","2000-2004",0.240203134982705
"BDI","2000-2004",-1.28924693147081
"BEL","2000-2004",2.10350279529913
"BEN","2000-2004",0.187919350957966
"BFA","2000-2004",-0.94898331967669
"BGD","2000-2004",-0.0330630518916178
"BGR","2000-2004",1.55278244343372
"BHR","2000-2004",-0.92455781427082
"BHS","2000-2004",-0.154960412716144
"BIH","2000-2004",-1.29181795986083
"BLR","2000-2004",-0.101031583885639
"BLZ","2000-2004",0.0840449241968871
"BOL","2000-2004",-0.08125697454257
"BRA","2000-2004",0.324849758330251
"BRB","2000-2004",-0.0126316215187067
"BRN","2000-2004",-0.43365736257304
"BTN","2000-2004",-1.39139981228627
"BWA","2000-2004",-1.27382101803334
"CAF","2000-2004",-1.51246425524803
"CAN","2000-2004",-0.145035313270078
"CHE","2000-2004",2.03307296443149
"CHL","2000-2004",-0.202090995685984
"CHN","2000-2004",0.413723088481906
"CIV","2000-2004",0.286243606800179
"CMR","2000-2004",-0.764107506026057
"COD","2000-2004",-0.971832233998352
"COG","2000-2004",0.117471906578564
"COK","2000-2004",-1.03388971563872
"COL","2000-2004",-0.110511899165938
"COM","2000-2004",-0.0257418775813547
"CPV","2000-2004",-0.0888356489326067
"CRI","2000-2004",-0.893030805006814
"CUB","2000-2004",-0.205212800418643
"CUW","2000-2004",-0.626220604052476
"CYP","2000-2004",1.3160477837939
"CZE","2000-2004",1.27921269874244
"DEU","2000-2004",3.25790417112102
"DJI","2000-2004",-0.365033490987602
"DMA","2000-2004",0.0410075887841238
"DNK","2000-2004",2.73016893495324
"DOM","2000-2004",-0.250686308523568
"DZA","2000-2004",-0.102935573993549
"ECU","2000-2004",0.523600538866987
"EGY","2000-2004",0.484976202778763
"ERI","2000-2004",-1.84788856246955
"ESP","2000-2004",2.30916643029068
"EST","2000-2004",1.43877903158503
"ETH","2000-2004",-1.03049577214082
"FIN","2000-2004",2.73687749414091
"FJI","2000-2004",-0.956189823971383
"FRA","2000-2004",2.84013014185969
"GAB","2000-2004",0.251658087286063
"GBR","2000-2004",2.11005587957665
"GEO","2000-2004",0.293814658734783
"GHA","2000-2004",-0.319808028808173
"GIN","2000-2004",0.191396428709561
"GMB","2000-2004",0.0157983622768416
"GNB","2000-2004",-1.19683419015632
"GNQ","2000-2004",-0.492891202270355
"GRC","2000-2004",1.22661045864781
"GRD","2000-2004",-0.794290280734653
"GTM","2000-2004",0.0189582813332436
"GUF","2000-2004",-4.76044480654019
"GUY","2000-2004",-0.175388271177105
"HKG","2000-2004",-4.21735066754796
"HND","2000-2004",-0.143097170311882
"HRV","2000-2004",1.5133522300784
"HTI","2000-2004",-1.35356155266905
"HUN","2000-2004",1.49982680102257
"IDN","2000-2004",-0.37102929116153
"IND","2000-2004",0.413450860023417
"IRL","2000-2004",1.55969469709861
"IRN","2000-2004",-0.136662979035956
"IRQ","2000-2004",-2.06592300524348
"ISL","2000-2004",0.683521336299362
"ISR","2000-2004",-0.294354366084419
"ITA","2000-2004",1.7485458979745
"JAM","2000-2004",0.252577633797336
"JOR","2000-2004",-0.731982737668464
"JPN","2000-2004",0.791479189683362
"KAZ","2000-2004",-0.075878817197188
"KEN","2000-2004",0.511171692103481
"KGZ","2000-2004",-1.10717976113887
"KHM","2000-2004",-0.0185432107786329
"KIR","2000-2004",-0.776835880017933
"KNA","2000-2004",0.171545125239101
"KOR","2000-2004",0.614809610976226
"KWT","2000-2004",-0.847322761519999
"LAO","2000-2004",-1.21460320323125
"LBN","2000-2004",-0.232377990355809
"LBR","2000-2004",0.128262803929668
"LBY","2000-2004",-0.798932600824738
"LCA","2000-2004",0.200030370239402
"LIE","2000-2004",-0.735655348390366
"LKA","2000-2004",-0.101573873513351
"LSO","2000-2004",-1.32519983286224
"LTU","2000-2004",1.70084261767287
"LUX","2000-2004",1.75838403124651
"LVA","2000-2004",1.47167453793796
"MAC","2000-2004",-4.55108308787874
"MAR","2000-2004",1.00489002054192
"MCO","2000-2004",0.690822648289353
"MDA","2000-2004",-0.711514679134367
"MDG","2000-2004",-0.812313032833061
"MDV","2000-2004",-0.913919860536514
"MEX","2000-2004",-0.0769855235421221
"MHL","2000-2004",0.00604670965269556
"MKD","2000-2004",-0.807419337437939
"MLI","2000-2004",-0.81775810820376
"MLT","2000-2004",0.435442408173964
"MMR","2000-2004",-0.403778009308092
"MNE","2000-2004",0.821499633256429
"MNG","2000-2004",0.222712205105234
"MOZ","2000-2004",-0.854145004255573
"MRT","2000-2004",0.157314692581926
"MSR","2000-2004",-4.660228087654
"MUS","2000-2004",0.512228495616749
"MWI","2000-2004",-0.0731763427876387
"MYS","2000-2004",-0.250207875194783
"NAM","2000-2004",-0.0547080149796615
"NER","2000-2004",-1.04443639584917
"NGA","2000-2004",0.12172182000995
"NIC","2000-2004",0.013317838930467
"NIU","2000-2004",-1.47653076361421
"NLD","2000-2004",2.6274576927748
"NOR","2000-2004",2.43062610026518
"NPL","2000-2004",-1.36007545605664
"NRU","2000-2004",-1.24589814935084
"NZL","2000-2004",0.355778674963547
"OMN","2000-2004",0.0510946097839661
"PAK","2000-2004",-0.152403446642407
"PAN","2000-2004",0.628372681623616
"PER","2000-2004",0.545866834382537
"PHL","2000-2004",0.150912379557957
"PLW","2000-2004",-0.944888485164971
"PNG","2000-2004",-0.149955322068533
"POL","2000-2004",1.50241950602089
"PRK","2000-2004",-0.262575744303567
"PRT","2000-2004",1.41240557423
"PRY","2000-2004",-0.990911111653165
"PSE","2000-2004",-0.521335514031475
"QAT","2000-2004",-0.78156417485371
"ROU","2000-2004",0.308948590578375
"RUS","2000-2004",1.10094128526559
"RWA","2000-2004",-1.21513804315158
"SAU","2000-2004",-0.900840030563334
"SDN","2000-2004",-0.990077892043977
"SEN","2000-2004",0.390277744181448
"SGP","2000-2004",-0.125562668325341
"SHN","2000-2004",-4.660228087654
"SLB","2000-2004",-0.036827823782288
"SLE","2000-2004",-0.0547445188563402
"SLV","2000-2004",-0.903306097729925
"SMR","2000-2004",-1.8450091707727
"SOM","2000-2004",-1.5745818387508
"SRB","2000-2004",-0.919096740168897
"SSD","2000-2004",-0.424778372129079
"STP","2000-2004",-0.202300386926596
"SUR","2000-2004",-0.196354413447638
"SVK","2000-2004",1.18381738847594
"SVN","2000-2004",1.8670454570108
"SWE","2000-2004",2.9156980724376
"SWZ","2000-2004",-1.57542880056209
"SYC","2000-2004",-0.319885492320365
"SYR","2000-2004",-0.268738826639116
"TCD","2000-2004",-1.1802441381383
"TGO","2000-2004",0.0896308810455116
"THA","2000-2004",-0.872990759831672
"TJK","2000-2004",-1.33996339688221
"TKL","2000-2004",-4.8392778138781
"TKM","2000-2004",-1.14842669591982
"TLS","2000-2004",-2.93879291353767
"TON","2000-2004",-0.210589773669392
"TTO","2000-2004",0.0339287710724819
"TUN","2000-2004",0.416331430642437
"TUR","2000-2004",-0.0966355152756291
"TUV","2000-2004",-0.0477642236586058
"TWN","2000-2004",-4.84267315355044
"TZA","2000-2004",-0.733172443585908
"UGA","2000-2004",-0.990342917773784
"UKR","2000-2004",0.470183476092127
"URY","2000-2004",0.442189559463013
"USA","2000-2004",0.372949848618721
"UZB","2000-2004",-1.08419110849146
"VAT","2000-2004",-3.39390790951682
"VCT","2000-2004",0.220609065595225
"VEN","2000-2004",0.0677976056037937
"VGB","2000-2004",-4.660228087654
"VNM","2000-2004",-0.380356978274042
"VUT","2000-2004",-0.0896929787041962
"WSM","2000-2004",-0.0210805196071487
"YEM","2000-2004",-1.06690466634435
"ZAF","2000-2004",0.412557137060342
"ZMB","2000-2004",-1.44926711343717
"ZWE","2000-2004",-1.54355337176313
"ABW","2005-2009",-5.24171163269863
"AFG","2005-2009",-1.7315620224862
"AGO","2005-2009",-0.356607265862643
"ALB","2005-2009",0.212995918012977
"AND","2005-2009",-2.67656974659158
"ARE","2005-2009",-0.172803587739363
"ARG","2005-2009",0.125672907434228
"ARM","2005-2009",-1.24001792219783
"ATG","2005-2009",0.319992477167249
"AUS","2005-2009",0.911301409688647
"AUT","2005-2009",0.92544900208101
"AZE","2005-2009",-0.181198574939127
"BDI","2005-2009",-1.46153494272
"BEL","2005-2009",2.5343377127753
"BEN","2005-2009",0.290780205981239
"BFA","2005-2009",-1.31227352764708
"BGD","2005-2009",-0.218203216103538
"BGR","2005-2009",2.28473552684873
"BHR","2005-2009",-0.3643482017414
"BHS","2005-2009",-0.420478314127809
"BIH","2005-2009",-1.24972970327899
"BLR","2005-2009",-0.456651131424586
"BLZ","2005-2009",0.243821046298298
"BOL","2005-2009",-0.270829886213066
"BRA","2005-2009",0.465150028620403
"BRB","2005-2009",-0.137236969478843
"BRN","2005-2009",-0.625536686152739
"BTN","2005-2009",-2.03947220409847
"BWA","2005-2009",-1.46223593022966
"CAF","2005-2009",-1.61341749060803
"CAN","2005-2009",-0.343584653170453
"CHE","2005-2009",2.05285689231967
"CHL","2005-2009",0.360913677811719
"CHN","2005-2009",0.500774248207537
"CIV","2005-2009",0.0543384290681535
"CMR","2005-2009",0.359360393505689
"COD","2005-2009",-1.10562457891794
"COG","2005-2009",0.529389286369288
"COK","2005-2009",-0.463135975934234
"COL","2005-2009",-0.222058410222144
"COM","2005-2009",-0.340962977577729
"CPV","2005-2009",-0.193023264835198
"CRI","2005-2009",-1.10219371291996
"CUB","2005-2009",-0.48029123629448
"CUW","2005-2009",-0.626220604052476
"CYP","2005-2009",1.82644264612021
"CZE","2005-2009",1.33875928436546
"DEU","2005-2009",3.34559532433494
"DJI","2005-2009",-0.657660067051934
"DMA","2005-2009",-0.3498815811454
"DNK","2005-2009",2.37054789164651
"DOM","2005-2009",-0.147856509007916
"DZA","2005-2009",-0.161480685923762
"ECU","2005-2009",0.36639194472087
"EGY","2005-2009",0.137359671457185
"ERI","2005-2009",-0.9236970286897
"ESP","2005-2009",2.48988790375184
"EST","2005-2009",1.84319314699736
"ETH","2005-2009",-1.1189937017302
"FIN","2005-2009",2.40152531466897
"FJI","2005-2009",-1.18500272614367
"FRA","2005-2009",3.31167324571678
"GAB","2005-2009",0.225372000444508
"GBR","2005-2009",2.3147709184368
"GEO","2005-2009",-0.113061102197291
"GHA","2005-2009",-0.250928051100092
"GIN","2005-2009",0.0615719692919163
"GMB","2005-2009",0.402353572726624
"GNB","2005-2009",-0.936251441783703
"GNQ","2005-2009",-0.370612201510308
"GRC","2005-2009",1.49549673086098
"GRD","2005-2009",-1.10488068951407
"GTM","2005-2009",0.346077246259523
"GUF","2005-2009",-5.14181459783481
"GUY","2005-2009",-0.296786743086908
"HKG","2005-2009",-4.84683853443314
"HND","2005-2009",-0.488004938808257
"HRV","2005-2009",2.08842682395647
"HTI","2005-2009",-1.56314764948544
"HUN","2005-2009",1.41893275317467
"IDN","2005-2009",-0.528911453036514
"IND","2005-2009",0.409947547953695
"IRL","2005-2009",1.33423860577871
"IRN","2005-2009",0.0170406313760565
"IRQ","2005-2009",-1.46619699260082
"ISL","2005-2009",-0.267530482447846
"ISR","2005-2009",-0.311075186373261
"ITA","2005-2009",1.79554697886033
"JAM","2005-2009",0.275637138911582
"JOR","2005-2009",-0.1435678262301
"JPN","2005-2009",0.610334926079699
"KAZ","2005-2009",-0.239630325554
"KEN","2005-2009",0.540030824309579
"KGZ","2005-2009",-1.33072090539519
"KHM","2005-2009",0.367211831302276
"KIR","2005-2009",0.108472998623169
"KNA","2005-2009",0.31711248005566
"KOR","2005-2009",0.641118226050558
"KWT","2005-2009",-0.115316991710595
"LAO","2005-2009",-0.981869196302028
"LBN","2005-2009",-0.261708554833498
"LBR","2005-2009",0.0998217983160975
"LBY","2005-2009",-0.110944101654421
"LCA","2005-2009",0.0220761799657329
"LIE","2005-2009",-1.18446654971069
"LKA","2005-2009",-0.279591863218142
"LSO","2005-2009",-1.4899036649798
"LTU","2005-2009",2.16826829997088
"LUX","2005-2009",2.39895412647786
"LVA","2005-2009",0.913284548602867
"MAC","2005-2009",-5.02041098495651
"MAR","2005-2009",0.667408267525777
"MCO","2005-2009",-0.181750085189404
"MDA","2005-2009",0.0897013874748397
"MDG","2005-2009",-0.110300946500351
"MDV","2005-2009",-0.330519528923673
"MEX","2005-2009",-0.307707843437606
"MHL","2005-2009",0.552443599307611
"MKD","2005-2009",-1.25403506874908
"MLI","2005-2009",-1.13523519398156
"MLT","2005-2009",-0.323963334720419
"MMR","2005-2009",-0.624183500329356
"MNE","2005-2009",0.278042857208358
"MNG","2005-2009",0.279528094206317
"MOZ","2005-2009",-0.175101771255697
"MRT","2005-2009",0.0967267855729563
"MSR","2005-2009",-5.07763158225545
"MUS","2005-2009",0.226949927895715
"MWI","2005-2009",-0.30800434510087
"MYS","2005-2009",-0.425345852753294
"NAM","2005-2009",-0.357221775096947
"NER","2005-2009",-1.30207988964127
"NGA","2005-2009",-0.143502426734596
"NIC","2005-2009",0.107239220372526
"NIU","2005-2009",-1.25877095414872
"NLD","2005-2009",3.0572170831637
"NOR","2005-2009",2.47993722082976
"NPL","2005-2009",-1.48420568961563
"NRU","2005-2009",-0.99897756911517
"NZL","2005-2009",-0.22233531918719
"OMN","2005-2009",0.103639717826574
"PAK","2005-2009",-0.229318300664911
"PAN","2005-2009",0.595971777268814
"PER","2005-2009",0.520029787389687
"PHL","2005-2009",0.122594713327315
"PLW","2005-2009",-1.05102952390078
"PNG","2005-2009",-0.339682946230393
"POL","2005-2009",1.68276901535461
"PRK","2005-2009",-0.350328934577463
"PRT","2005-2009",1.67234552100208
"PRY","2005-2009",-1.33925057623629
"PSE","2005-2009",-0.521335514031475
"QAT","2005-2009",-0.175660639122985
"ROU","2005-2009",0.835042217238673
"RUS","2005-2009",0.686233190474877
"RWA","2005-2009",-1.33760150719296
"SAU","2005-2009",-0.0925354806523321
"SDN","2005-2009",-1.1309052264291
"SEN","2005-2009",0.16159576596887
"SGP","2005-2009",-0.202308857951853
"SHN","2005-2009",-5.07763158225545
"SLB","2005-2009",-0.160697142833833
"SLE","2005-2009",-0.171174109405283
"SLV","2005-2009",-0.301169311068716
"SMR","2005-2009",-1.43734688290299
"SOM","2005-2009",-1.7022843369878
"SRB","2005-2009",0.212025995443673
"SSD","2005-2009",-0.424778372129079
"STP","2005-2009",-0.350202522800013
"SUR","2005-2009",-0.373975962075161
"SVK","2005-2009",1.68517600043275
"SVN","2005-2009",2.09868498652117
"SWE","2005-2009",2.5882009199769
"SWZ","2005-2009",-1.56358198885212
"SYC","2005-2009",-0.509505091769812
"SYR","2005-2009",0.145810586096623
"TCD","2005-2009",-1.38399134555214
"TGO","2005-2009",0.48868134962724
"THA","2005-2009",-0.455982565257051
"TJK","2005-2009",-1.76539240969674
"TKL","2005-2009",-5.18834636953257
"TKM","2005-2009",-0.347931080669697
"TLS","2005-2009",-2.88136171976846
"TON","2005-2009",-0.360250780264266
"TTO","2005-2009",-0.19771524059601
"TUN","2005-2009",-0.0379882196686635
"TUR","2005-2009",-0.466349225056358
"TUV","2005-2009",-0.00234047402864556
"TWN","2005-2009",-5.2754378676009
"TZA","2005-2009",0.505300163426253
"UGA","2005-2009",-1.30302491651008
"UKR","2005-2009",-0.253500273961694
"URY","2005-2009",0.423437023116559
"USA","2005-2009",-0.251820969139909
"UZB","2005-2009",-1.55636273829028
"VAT","2005-2009",-3.43059608856309
"VCT","2005-2009",0.186505016034053
"VEN","2005-2009",-0.0460163778241068
"VGB","2005-2009",-5.07763158225545
"VNM","2005-2009",-0.565924320145088
"VUT","2005-2009",-0.208690882544702
"WSM","2005-2009",-0.111284876806753
"YEM","2005-2009",-0.97953098143025
"ZAF","2005-2009",-0.146213939189661
"ZMB","2005-2009",-1.55592124942624
"ZWE","2005-2009",-1.75602490082681
"ABW","2010-2014",-5.40397400306219
"AFG","2010-2014",-1.40702671714505
"AGO","2010-2014",-0.465500396320373
"ALB","2010-2014",-0.10541680672974
"AND","2010-2014",-2.90661752960687
"ARE","2010-2014",-0.321424250730364
"ARG","2010-2014",-0.171197615156365
"ARM","2010-2014",-1.30582689186628
"ATG","2010-2014",0.44793734495866
"AUS","2010-2014",0.718388139261896
"AUT","2010-2014",-0.0299819160572286
"AZE","2010-2014",0.210426389555384
"BDI","2010-2014",-1.49581683963986
"BEL","2010-2014",2.97504313851349
"BEN","2010-2014",0.555906024093474
"BFA","2010-2014",-1.32385262225409
"BGD","2010-2014",0.171463876304578
"BGR","2010-2014",2.20917454753234
"BHR","2010-2014",-0.510743121513316
"BHS","2010-2014",0.112039427547813
"BIH","2010-2014",-1.20144918939013
"BLR","2010-2014",-0.52469545011002
"BLZ","2010-2014",0.451258893396195
"BOL","2010-2014",-0.381362007983272
"BRA","2010-2014",0.394943750161379
"BRB","2010-2014",0.216834162017964
"BRN","2010-2014",-0.758194948824379
"BTN","2010-2014",-2.48017423354903
"BWA","2010-2014",-1.4823250894194
"CAF","2010-2014",-1.81398086396776
"CAN","2010-2014",0.592033518824066
"CHE","2010-2014",2.96245647490838
"CHL","2010-2014",0.479138353316467
"CHN","2010-2014",0.453253178532938
"CIV","2010-2014",-0.077842700886378
"CMR","2010-2014",-0.189485347346924
"COD","2010-2014",-1.38506951461135
"COG","2010-2014",-0.0268128680536265
"COK","2010-2014",-0.00819401263513716
"COL","2010-2014",0.00902313215145209
"COM","2010-2014",-0.489461444978625
"CPV","2010-2014",-0.336920674093433
"CRI","2010-2014",-1.24302185551728
"CUB","2010-2014",-0.595401370636992
"CUW","2010-2014",-4.68207910914225
"CYP","2010-2014",2.08495148969169
"CZE","2010-2014",0.0948024441302152
"DEU","2010-2014",3.57720304851818
"DJI","2010-2014",-0.688377822997491
"DMA","2010-2014",-0.409434953267668
"DNK","2010-2014",2.292071204199
"DOM","2010-2014",-0.475065250145024
"DZA","2010-2014",-0.320055614566214
"ECU","2010-2014",-0.156075197598466
"EGY","2010-2014",-0.192473716829121
"ERI","2010-2014",-1.24421586743599
"ESP","2010-2014",2.41455839344124
"EST","2010-2014",2.04290495301279
"ETH","2010-2014",-1.35039752234019
"FIN","2010-2014",2.33732807472855
"FJI","2010-2014",-1.38672323914277
"FRA","2010-2014",3.45302643918622
"GAB","2010-2014",-0.18608254496791
"GBR","2010-2014",2.26769084743898
"GEO","2010-2014",-0.161593320793615
"GHA","2010-2014",0.5291783449052
"GIN","2010-2014",-0.208913066067918
"GMB","2010-2014",-0.203338054081187
"GNB","2010-2014",-1.18128057622356
"GNQ","2010-2014",-0.492952756218863
"GRC","2010-2014",1.5495912438588
"GRD","2010-2014",-1.456993238876
"GTM","2010-2014",-0.111837538911928
"GUF","2010-2014",-5.32692328436902
"GUY","2010-2014",-0.35549603679779
"HKG","2010-2014",-5.10610018484466
"HND","2010-2014",-0.524152630863841
"HRV","2010-2014",2.00064887713901
"HTI","2010-2014",-2.52353471114983
"HUN","2010-2014",0.0370915267653409
"IDN","2010-2014",0.430228676228627
"IND","2010-2014",0.465024099630776
"IRL","2010-2014",1.59395385591204
"IRN","2010-2014",0.335969236027986
"IRQ","2010-2014",-1.41258883123908
"ISL","2010-2014",-0.292519665278603
"ISR","2010-2014",-0.18198720930746
"ITA","2010-2014",1.76963045803882
"JAM","2010-2014",0.35521942477599
"JOR","2010-2014",-0.157742848072486
"JPN","2010-2014",0.550347294521135
"KAZ","2010-2014",-0.28792103557908
"KEN","2010-2014",0.428074873922981
"KGZ","2010-2014",-1.48785130322716
"KHM","2010-2014",-0.170743793166179
"KIR","2010-2014",0.227270875099813
"KNA","2010-2014",0.406962077891233
"KOR","2010-2014",0.564848917325806
"KWT","2010-2014",0.238571567180237
"LAO","2010-2014",-1.21724113520852
"LBN","2010-2014",-0.212867134676771
"LBR","2010-2014",0.479165105910455
"LBY","2010-2014",-0.318147944316051
"LCA","2010-2014",-0.184234635320156
"LIE","2010-2014",-1.24695984625109
"LKA","2010-2014",-0.315879331387697
"LSO","2010-2014",-1.42061567902201
"LTU","2010-2014",2.1770868437982
"LUX","2010-2014",3.13584905716472
"LVA","2010-2014",1.12348954894149
"MAC","2010-2014",-5.23377060163961
"MAR","2010-2014",0.986463620579429
"MCO","2010-2014",-0.472171594711706
"MDA","2010-2014",-0.160934463428027
"MDG","2010-2014",-0.303782888767068
"MDV","2010-2014",-0.559982173015924
"MEX","2010-2014",-0.49314094888277
"MHL","2010-2014",0.340473350392214
"MKD","2010-2014",-1.08045162058885
"MLI","2010-2014",-1.2327824705266
"MLT","2010-2014",0.464077079356057
"MMR","2010-2014",-0.730357995190672
"MNE","2010-2014",0.0817875761133692
"MNG","2010-2014",0.406069380180003
"MOZ","2010-2014",-0.291808406349996
"MRT","2010-2014",-0.105970292573989
"MSR","2010-2014",-5.27219366761472
"MUS","2010-2014",-0.151412093759433
"MWI","2010-2014",-0.40758873693412
"MYS","2010-2014",0.36256323943648
"NAM","2010-2014",-0.461262527408464
"NER","2010-2014",-1.36109918474591
"NGA","2010-2014",-0.15221718419151
"NIC","2010-2014",-0.143389821613244
"NIU","2010-2014",0.362065970879631
"NLD","2010-2014",3.48595467049852
"NOR","2010-2014",2.31935356822814
"NPL","2010-2014",-1.55022265840106
"NRU","2010-2014",-1.41179506998443
"NZL","2010-2014",-0.218004664603433
"OMN","2010-2014",-0.224127461984881
"PAK","2010-2014",-0.314482391978057
"PAN","2010-2014",0.559039730197118
"PER","2010-2014",0.58116604556822
"PHL","2010-2014",-0.150206806542153
"PLW","2010-2014",0.509707765498917
"PNG","2010-2014",-0.470485688287271
"POL","2010-2014",1.96208622277542
"PRK","2010-2014",-0.484649137738626
"PRT","2010-2014",1.76686278396152
"PRY","2010-2014",-1.41506532338828
"PSE","2010-2014",-3.82843443984636
"QAT","2010-2014",-0.319730395139578
"ROU","2010-2014",0.402955481978343
"RUS","2010-2014",0.910412619109303
"RWA","2010-2014",-1.39201318814327
"SAU","2010-2014",0.261758652090255
"SDN","2010-2014",-1.26474574498936
"SEN","2010-2014",-0.100305638571761
"SGP","2010-2014",0.243824214154513
"SHN","2010-2014",-5.27219366761472
"SLB","2010-2014",-0.406726296659666
"SLE","2010-2014",0.185417175614222
"SLV","2010-2014",-0.13038394528169
"SMR","2010-2014",-1.75355414998662
"SOM","2010-2014",-1.38980960856381
"SRB","2010-2014",0.949569905358838
"SSD","2010-2014",-2.19215776210457
"STP","2010-2014",-0.267713197985018
"SUR","2010-2014",-0.117697272022611
"SVK","2010-2014",2.11943247721341
"SVN","2010-2014",2.23625422641453
"SWE","2010-2014",2.39472232101369
"SWZ","2010-2014",-1.38816183117653
"SYC","2010-2014",-0.6956373349078
"SYR","2010-2014",0.357235274478019
"TCD","2010-2014",-1.39499055681902
"TGO","2010-2014",-0.0987964334641944
"THA","2010-2014",-0.700271806881126
"TJK","2010-2014",-1.87389628443099
"TKL","2010-2014",-5.3615690654873
"TKM","2010-2014",-0.419474407394854
"TLS","2010-2014",-3.42442162319683
"TON","2010-2014",-0.209187208874769
"TTO","2010-2014",0.33392510352821
"TUN","2010-2014",0.393657696873284
"TUR","2010-2014",0.111891338693179
"TUV","2010-2014",0.194919775743361
"TWN","2010-2014",-5.51783095718652
"TZA","2010-2014",-0.175493697787891
"UGA","2010-2014",-1.36755757901975
"UKR","2010-2014",0.232845458675081
"URY","2010-2014",0.575068531252769
"USA","2010-2014",0.118304153955882
"UZB","2010-2014",-1.84317011789637
"VAT","2010-2014",-4.16653624574923
"VCT","2010-2014",0.384777914864746
"VEN","2010-2014",-0.229449095590091
"VGB","2010-2014",-5.27219366761472
"VNM","2010-2014",-0.413775459141093
"VUT","2010-2014",0.192420751313645
"WSM","2010-2014",0.260183203403303
"YEM","2010-2014",-1.29391689522021
"ZAF","2010-2014",-0.145545430340361
"ZMB","2010-2014",-1.44996103663928
"ZWE","2010-2014",-1.42135115425353
"ABW","2015-2018",-5.48166223292423
"AFG","2015-2018",-1.44979903203188
"AGO","2015-2018",-0.532191742073368
"ALB","2015-2018",-0.294366780007578
"AND","2015-2018",-3.0049493572338
"ARE","2015-2018",-0.414796789613829
"ARG","2015-2018",-0.313963050640678
"ARM","2015-2018",-1.39985088190532
"ATG","2015-2018",0.554743235954381
"AUS","2015-2018",0.608799238006422
"AUT","2015-2018",-0.179768856719465
"AZE","2015-2018",0.160856205639051
"BDI","2015-2018",-1.64300462258097
"BEL","2015-2018",3.24903268003097
"BEN","2015-2018",0.478291400945911
"BFA","2015-2018",-1.47194723986496
"BGD","2015-2018",0.149512133685067
"BGR","2015-2018",2.12314387856818
"BHR","2015-2018",-0.629560185746839
"BHS","2015-2018",0.0421842297415461
"BIH","2015-2018",-1.3525517398036
"BLR","2015-2018",-0.648977443495693
"BLZ","2015-2018",0.312221054802357
"BOL","2015-2018",-0.447960492277069
"BRA","2015-2018",0.4220250919945
"BRB","2015-2018",0.146295883173251
"BRN","2015-2018",-0.433962266774622
"BTN","2015-2018",-2.6223678344863
"BWA","2015-2018",-1.55514715236202
"CAF","2015-2018",-1.95338231127573
"CAN","2015-2018",0.779724248492097
"CHE","2015-2018",3.01439828627803
"CHL","2015-2018",0.608869432944935
"CHN","2015-2018",0.39307275642865
"CIV","2015-2018",-0.334495522756343
"CMR","2015-2018",-0.375763794197635
"COD","2015-2018",-1.55449096285839
"COG","2015-2018",0.453511007785125
"COK","2015-2018",-0.0814572717867562
"COL","2015-2018",-0.361073074971887
"COM","2015-2018",-0.501403085683026
"CPV","2015-2018",-0.474042633692837
"CRI","2015-2018",-1.36909947815838
"CUB","2015-2018",-0.608097443372091
"CUW","2015-2018",-4.86094116377581
"CYP","2015-2018",2.16005903502715
"CZE","2015-2018",1.37996366129064
"DEU","2015-2018",3.59140950584611
"DJI","2015-2018",-0.141144945015119
"DMA","2015-2018",-0.546115966123679
"DNK","2015-2018",2.5563196495163
"DOM","2015-2018",-0.219469093217243
"DZA","2015-2018",-0.417422463838328
"ECU","2015-2018",-0.290865303608317
"EGY","2015-2018",-0.374913227829516
"ERI","2015-2018",-1.43150402649346
"ESP","2015-2018",2.45051471341823
"EST","2015-2018",2.3813172683891
"ETH","2015-2018",-1.51541611598599
"FIN","2015-2018",2.48608385487889
"FJI","2015-2018",-0.994281184208803
"FRA","2015-2018",3.508024679601
"GAB","2015-2018",-0.341252881975815
"GBR","2015-2018",2.41836149049419
"GEO","2015-2018",-0.318139831643244
"GHA","2015-2018",0.54450447294097
"GIN","2015-2018",-0.346361520906132
"GMB","2015-2018",-0.366892916195971
"GNB","2015-2018",-1.21003516698936
"GNQ","2015-2018",-0.550282874584544
"GRC","2015-2018",1.77882098648196
"GRD","2015-2018",-1.24686982636647
"GTM","2015-2018",0.41633590803197
"GUF","2015-2018",-5.41286885668338
"GUY","2015-2018",-0.469114521701076
"HKG","2015-2018",-5.21849144720128
"HND","2015-2018",-0.174892636561878
"HRV","2015-2018",2.36632208683937
"HTI","2015-2018",-2.864292191054
"HUN","2015-2018",-0.154205065436918
"IDN","2015-2018",0.216146745182342
"IND","2015-2018",0.445752794802472
"IRL","2015-2018",1.766599811248
"IRN","2015-2018",0.205711164939675
"IRQ","2015-2018",-1.29301790194211
"ISL","2015-2018",-0.240046665125472
"ISR","2015-2018",-0.512984982071215
"ITA","2015-2018",1.87209214008955
"JAM","2015-2018",0.306787896542744
"JOR","2015-2018",0.397248987021667
"JPN","2015-2018",0.434847266369172
"KAZ","2015-2018",-0.380242786374646
"KEN","2015-2018",0.500469957087307
"KGZ","2015-2018",-1.65235013804589
"KHM","2015-2018",-0.386453852647181
"KIR","2015-2018",0.179494390505667
"KNA","2015-2018",0.420307350014246
"KOR","2015-2018",0.4687342662319
"KWT","2015-2018",0.168407546656236
"LAO","2015-2018",-1.42281720905994
"LBN","2015-2018",-0.404974592285079
"LBR","2015-2018",1.64287609819357
"LBY","2015-2018",-0.481160761894067
"LCA","2015-2018",0.357050111314807
"LIE","2015-2018",-1.40440826133889
"LKA","2015-2018",-0.431630920072835
"LSO","2015-2018",-1.62959206465872
"LTU","2015-2018",2.34864081198309
"LUX","2015-2018",3.28265852606443
"LVA","2015-2018",0.889840589529505
"MAC","2015-2018",-5.33003524282444
"MAR","2015-2018",0.83505300866519
"MCO","2015-2018",-0.389370351030772
"MDA","2015-2018",-0.310053410457103
"MDG","2015-2018",-0.347137979861026
"MDV","2015-2018",-0.622348715058618
"MEX","2015-2018",-0.566907498695142
"MHL","2015-2018",0.258557018502195
"MKD","2015-2018",-1.34466766377341
"MLI","2015-2018",-1.35962504318451
"MLT","2015-2018",0.468082909651713
"MMR","2015-2018",-0.214593932631801
"MNE","2015-2018",0.452674052994174
"MNG","2015-2018",0.356081559109127
"MOZ","2015-2018",-0.440210126845088
"MRT","2015-2018",-0.345166746497439
"MSR","2015-2018",-5.36126322302946
"MUS","2015-2018",-0.347953886791832
"MWI","2015-2018",-0.47619108462512
"MYS","2015-2018",0.166082773993067
"NAM","2015-2018",-0.563538499786682
"NER","2015-2018",-1.47123276888811
"NGA","2015-2018",0.344828377873337
"NIC","2015-2018",-0.348328012132826
"NIU","2015-2018",0.119825900095401
"NLD","2015-2018",3.6905366443312
"NOR","2015-2018",2.05618073839255
"NPL","2015-2018",-1.68893754274156
"NRU","2015-2018",-1.56879503852752
"NZL","2015-2018",-0.4220244100935
"OMN","2015-2018",-0.423234531808981
"PAK","2015-2018",-0.44168936624309
"PAN","2015-2018",0.602408656368828
"PER","2015-2018",0.637840412095896
"PHL","2015-2018",-0.187957224470883
"PLW","2015-2018",0.294886344810576
"PNG","2015-2018",-0.531837748175928
"POL","2015-2018",2.00501643071246
"PRK","2015-2018",-0.536378222221609
"PRT","2015-2018",2.11295040662855
"PRY","2015-2018",-1.51039485893928
"PSE","2015-2018",-3.16146977308732
"QAT","2015-2018",-0.466243905889353
"ROU","2015-2018",0.565221844619943
"RUS","2015-2018",0.584097422199433
"RWA","2015-2018",-1.4979813041789
"SAU","2015-2018",0.195211128778101
"SDN","2015-2018",-0.979131077604144
"SEN","2015-2018",-0.327691496427735
"SGP","2015-2018",0.188537631382622
"SHN","2015-2018",-5.36126322302946
"SLB","2015-2018",-0.472246680007486
"SLE","2015-2018",0.147278001828314
"SLV","2015-2018",-0.422416050269873
"SMR","2015-2018",-1.70218343458587
"SOM","2015-2018",-1.58517985174025
"SRB","2015-2018",0.783346967200543
"SSD","2015-2018",-2.6673165286688
"STP","2015-2018",0.0901183717948668
"SUR","2015-2018",-0.412248771715781
"SVK","2015-2018",2.20460815818292
"SVN","2015-2018",2.23782682562495
"SWE","2015-2018",2.52404501697456
"SWZ","2015-2018",-1.45848459874345
"SYC","2015-2018",-0.635834841576315
"SYR","2015-2018",0.239738464379809
"TCD","2015-2018",-1.52534203686687
"TGO","2015-2018",-0.286470317784946
"THA","2015-2018",-0.651066456197936
"TJK","2015-2018",-1.59668790706026
"TKL","2015-2018",-5.44323117312836
"TKM","2015-2018",0.159433543930078
"TLS","2015-2018",-3.64036239819108
"TON","2015-2018",0.361809332888077
"TTO","2015-2018",0.197249130759545
"TUN","2015-2018",0.803107378474838
"TUR","2015-2018",0.35778750970537
"TUV","2015-2018",0.175652388953938
"TWN","2015-2018",-5.59721700491305
"TZA","2015-2018",-0.363280972363268
"UGA","2015-2018",-1.50302549364629
"UKR","2015-2018",0.134527448962688
"URY","2015-2018",0.576543856258707
"USA","2015-2018",0.0901286105966919
"UZB","2015-2018",-2.13721607459645
"VAT","2015-2018",-4.46657943844134
"VCT","2015-2018",0.259942090027067
"VEN","2015-2018",-0.368740709894431
"VGB","2015-2018",-5.36126322302946
"VNM","2015-2018",0.386507794244344
"VUT","2015-2018",0.152145050832169
"WSM","2015-2018",0.197980087144661
"YEM","2015-2018",-1.55426045761783
"ZAF","2015-2018",0.529482836475714
"ZMB","2015-2018",-1.6214662835794
"ZWE","2015-2018",-1.53294913188835
