iso3,period,unga_ideal_point
AFG,1990-1994,-0.8033082365989686
AFG,1995-1999,-0.856760311126709
AFG,2000-2004,-0.7032003998756409
AFG,2005-2009,-0.5548532485961915
AFG,2010-2014,-0.6679040908813476
AFG,2015-2018,-0.7593569457530975
AGO,1990-1994,-0.7750179946422577
AGO,1995-1999,-0.6620797872543335
AGO,2000-2004,-0.4099332422018051
AGO,2005-2009,-0.4228149116039276
AGO,2010-2014,-0.6228068590164184
AGO,2015-2018,-0.6898618340492249
ALB,1990-1994,0.6572413444519043
ALB,1995-1999,1.067965817451477
ALB,2000-2004,1.2039387941360473
ALB,2005-2009,1.032755970954895
ALB,2010-2014,0.9197551608085632
ALB,2015-2018,0.9865460097789764
AND,1990-1994,1.3917019963264465
AND,1995-1999,1.189761996269226
AND,2000-2004,0.9162624835968017
AND,2005-2009,0.86958829164505
AND,2010-2014,0.8630011558532715
AND,2015-2018,0.8352556228637695
ARE,1990-1994,-0.5868014216423034
ARE,1995-1999,-0.6681495785713196
ARE,2000-2004,-0.8813066601753234
ARE,2005-2009,-0.8157946348190308
ARE,2010-2014,-0.7308360695838928
ARE,2015-2018,-0.6638254523277283
ARG,1990-1994,0.6120678782463074
ARG,1995-1999,0.5737874031066894
ARG,2000-2004,0.26814043521881104
ARG,2005-2009,0.02623990918509662
ARG,2010-2014,-0.07788490578532219
ARG,2015-2018,-0.10591022670269012
ARM,1990-1994,0.5828056434790293
ARM,1995-1999,0.5887621939182281
ARM,2000-2004,0.2295661211013794
ARM,2005-2009,0.12608962506055832
ARM,2010-2014,0.0668547049164772
ARM,2015-2018,0.12840041890740395
ATG,1990-1994,-0.0906557485461235
ATG,1995-1999,-0.19433043599128724
ATG,2000-2004,-0.5267614185810089
ATG,2005-2009,-0.5381462931632995
ATG,2010-2014,-0.5516880214214325
ATG,2015-2018,-0.39126717671751976
AUS,1990-1994,1.0071531891822816
AUS,1995-1999,0.8594823360443116
AUS,2000-2004,1.126400637626648
AUS,2005-2009,1.36138858795166
AUS,2010-2014,1.2617307901382446
AUS,2015-2018,1.2584807574748993
AUT,1990-1994,1.0587682604789734
AUT,1995-1999,1.0896344542503358
AUT,2000-2004,0.9110081195831299
AUT,2005-2009,0.7760948419570923
AUT,2010-2014,0.7234981536865235
AUT,2015-2018,0.6944954246282578
AZE,1990-1994,0.29245975613594055
AZE,1995-1999,0.24297890961170196
AZE,2000-2004,-0.043789980188012126
AZE,2005-2009,-0.14830351918935775
AZE,2010-2014,-0.406337183713913
AZE,2015-2018,-0.6618228852748871
BDI,1990-1994,-0.6000669062137604
BDI,1995-1999,-0.6428154483437538
BDI,2000-2004,-0.4978792637586594
BDI,2005-2009,-0.19664529878646136
BDI,2010-2014,-0.31253892183303833
BDI,2015-2018,-1.316708505153656
BEL,1990-1994,1.6251035928726196
BEL,1995-1999,1.3655237913131715
BEL,2000-2004,1.090339994430542
BEL,2005-2009,0.9773487091064453
BEL,2010-2014,0.9863712549209595
BEL,2015-2018,1.0270822942256927
BEN,1990-1994,-0.3530769035220146
BEN,1995-1999,-0.6677440464496612
BEN,2000-2004,-0.6226890861988068
BEN,2005-2009,-0.45660789012908937
BEN,2010-2014,-0.38827972412109374
BEN,2015-2018,-0.5188464671373367
BFA,1990-1994,-0.7121375799179077
BFA,1995-1999,-0.8038838386535645
BFA,2000-2004,-0.7413275480270386
BFA,2005-2009,-0.48002567887306213
BFA,2010-2014,-0.4861005187034607
BFA,2015-2018,-0.5350778251886368
BGD,1990-1994,-0.760715126991272
BGD,1995-1999,-0.7679154515266419
BGD,2000-2004,-0.8239297032356262
BGD,2005-2009,-0.8157507061958313
BGD,2010-2014,-0.884372889995575
BGD,2015-2018,-0.765228345990181
BGR,1990-1994,1.282044517993927
BGR,1995-1999,1.260130190849304
BGR,2000-2004,1.0492762088775636
BGR,2005-2009,0.9336169123649597
BGR,2010-2014,0.9552585244178772
BGR,2015-2018,0.9778923988342285
BHR,1990-1994,-0.588525927066803
BHR,1995-1999,-0.6768529891967774
BHR,2000-2004,-0.9490620613098144
BHR,2005-2009,-0.85475652217865
BHR,2010-2014,-0.7551889061927796
BHR,2015-2018,-0.6669750511646271
BHS,1990-1994,-0.08218874335289002
BHS,1995-1999,-0.035885503143072116
BHS,2000-2004,-0.2968091607093811
BHS,2005-2009,-0.33791421055793763
BHS,2010-2014,-0.2824541211128235
BHS,2015-2018,-0.3765033967792988
BIH,1990-1994,0.03135075730582078
BIH,1995-1999,0.6385146379470825
BIH,2000-2004,0.8841820478439331
BIH,2005-2009,0.8156908392906189
BIH,2010-2014,0.7619623184204102
BIH,2015-2018,0.7294214963912964
BLR,1990-1994,0.395169897377491
BLR,1995-1999,0.31649487391114234
BLR,2000-2004,-0.2140377312898636
BLR,2005-2009,-0.34393253922462463
BLR,2010-2014,-0.3699159622192383
BLR,2015-2018,-0.33239059522747993
BLZ,1990-1994,-0.09099351465702056
BLZ,1995-1999,-0.20866602063179013
BLZ,2000-2004,-0.4084465980529785
BLZ,2005-2009,-0.3773502767086029
BLZ,2010-2014,-0.4076446950435638
BLZ,2015-2018,-0.3282145708799362
BOL,1990-1994,-0.12196176052093506
BOL,1995-1999,-0.13571036010980606
BOL,2000-2004,-0.15040373802185059
BOL,2005-2009,-0.4355800747871399
BOL,2010-2014,-1.2486382246017456
BOL,2015-2018,-1.3915279805660248
BRA,1990-1994,-0.32777203917503356
BRA,1995-1999,-0.09803337380290031
BRA,2000-2004,-0.024788999825250353
BRA,2005-2009,-0.19038352370262146
BRA,2010-2014,-0.5311701953411102
BRA,2015-2018,-0.34202799294143915
BRB,1990-1994,-0.17360488027334214
BRB,1995-1999,-0.079485934227705
BRB,2000-2004,-0.39418764114379884
BRB,2005-2009,-0.5662147879600525
BRB,2010-2014,-0.42918236255645753
BRB,2015-2018,-0.3552902713418007
BRN,1990-1994,-0.7558703541755676
BRN,1995-1999,-0.8623417019844055
BRN,2000-2004,-0.8643362641334533
BRN,2005-2009,-0.7134163618087769
BRN,2010-2014,-0.8719818830490113
BRN,2015-2018,-0.8811289221048355
BTN,1990-1994,-0.6086767554283142
BTN,1995-1999,-0.5467962086200714
BTN,2000-2004,-0.5428506940603256
BTN,2005-2009,-0.4320637583732605
BTN,2010-2014,-0.5039445221424103
BTN,2015-2018,-0.4885416477918625
BWA,1990-1994,-0.31968262046575546
BWA,1995-1999,-0.42140190601348876
BWA,2000-2004,-0.49760650396347045
BWA,2005-2009,-0.33856273889541627
BWA,2010-2014,-0.33646565675735474
BWA,2015-2018,-0.36988434195518494
CAF,1990-1994,-0.052505775215104224
CAF,1995-1999,-0.5361163020133972
CAF,2000-2004,-0.43648509681224823
CAF,2005-2009,-0.44871953725814817
CAF,2010-2014,-0.27742040939629076
CAF,2015-2018,-0.15655215457081795
CAN,1990-1994,1.3800528049468994
CAN,1995-1999,1.2268049716949463
CAN,2000-2004,1.1426135778427124
CAN,2005-2009,1.4199301958084107
CAN,2010-2014,1.7348528146743774
CAN,2015-2018,1.5111199915409088
CHE,2000-2004,0.9208676417668661
CHE,2005-2009,0.7619369149208068
CHE,2010-2014,0.6816535830497742
CHE,2015-2018,0.6503403931856155
CHL,1990-1994,-0.1385671477764845
CHL,1995-1999,-0.05939707243815064
CHL,2000-2004,0.038447405397892
CHL,2005-2009,-0.05758440122008324
CHL,2010-2014,-0.17124994099140167
CHL,2015-2018,-0.2574586756527424
CHN,1990-1994,-0.8175602078437805
CHN,1995-1999,-1.0247860610485078
CHN,2000-2004,-0.7035245060920715
CHN,2005-2009,-0.6203052401542664
CHN,2010-2014,-0.7277454853057861
CHN,2015-2018,-0.38920657336711884
CIV,1990-1994,0.04600568786263467
CIV,1995-1999,-0.5034219145774841
CIV,2000-2004,-0.5168653190135956
CIV,2005-2009,-0.09900017082691193
CIV,2010-2014,-0.12737513035535813
CIV,2015-2018,-0.15275405859574676
CMR,1990-1994,-0.3137340873479843
CMR,1995-1999,-0.44616360068321226
CMR,2000-2004,-0.25245928689837455
CMR,2005-2009,0.11547859683632851
CMR,2010-2014,0.14164812937378884
CMR,2015-2018,0.018252721522003412
COD,1990-1994,-0.13022052720189095
COD,1995-1999,-0.7046473383903503
COD,2000-2004,-1.00397047996521
COD,2005-2009,-0.5392620086669921
COD,2010-2014,-0.5809001505374909
COD,2015-2018,-0.49615538865327835
COG,1990-1994,-0.2641945770010352
COG,1995-1999,-0.5673607513308525
COG,2000-2004,-0.7637741565704346
COG,2005-2009,-0.6400298237800598
COG,2010-2014,-0.5738916397094727
COG,2015-2018,-0.7171987295150757
COL,1990-1994,-0.5239076018333435
COL,1995-1999,-0.5736472725868225
COL,2000-2004,-0.30004783868789675
COL,2005-2009,-0.23486033976078033
COL,2010-2014,-0.09759675487875938
COL,2015-2018,-0.14423517137765884
COM,1990-1994,-0.5475817143917083
COM,1995-1999,-0.5408264994621277
COM,2000-2004,-0.9142694354057312
COM,2005-2009,-0.758227002620697
COM,2010-2014,-0.6742778897285462
COM,2015-2018,-0.7103230953216553
CPV,1990-1994,-0.36500929296016693
CPV,1995-1999,-0.6187291264533996
CPV,2000-2004,-0.5720592975616455
CPV,2005-2009,-0.38771543502807615
CPV,2010-2014,-0.3802028000354767
CPV,2015-2018,-0.44612497836351395
CRI,1990-1994,0.1374796774238348
CRI,1995-1999,-0.09089297857135534
CRI,2000-2004,-0.0675514753907919
CRI,2005-2009,-0.15559141114354133
CRI,2010-2014,-0.17367786169052124
CRI,2015-2018,-0.16569637693464756
CSK,1990-1994,1.2802559932072957
CUB,1990-1994,-1.6221563816070557
CUB,1995-1999,-1.742466640472412
CUB,2000-2004,-1.1145423889160155
CUB,2005-2009,-1.2232421875
CUB,2010-2014,-1.593954586982727
CUB,2015-2018,-1.7413282692432404
CYP,1990-1994,-0.21340338177978993
CYP,1995-1999,0.4989104226231575
CYP,2000-2004,0.6137848138809204
CYP,2005-2009,0.6568179726600647
CYP,2010-2014,0.624352502822876
CYP,2015-2018,0.6189100593328476
CZE,1990-1994,1.4515604972839355
CZE,1995-1999,1.2459640026092529
CZE,2000-2004,1.0562647104263305
CZE,2005-2009,0.9829874515533448
CZE,2010-2014,1.0773723363876342
CZE,2015-2018,1.1968804895877838
DEU,1990-1994,1.6270283937454224
DEU,1995-1999,1.3802066087722777
DEU,2000-2004,1.1129409193992614
DEU,2005-2009,0.9280895948410034
DEU,2010-2014,1.0061462283134461
DEU,2015-2018,1.1691709756851196
DJI,1990-1994,-0.5675633668899536
DJI,1995-1999,-0.7538148283958435
DJI,2000-2004,-0.9051048874855041
DJI,2005-2009,-0.8063306689262391
DJI,2010-2014,-0.6605319619178772
DJI,2015-2018,-0.5933267548680305
DMA,1990-1994,0.20995886847376824
DMA,1995-1999,-0.17776715755462646
DMA,2000-2004,-0.4729230016469955
DMA,2005-2009,-0.5748967528343201
DMA,2010-2014,-0.4411850839853287
DMA,2015-2018,-0.4192884489893913
DNK,1990-1994,1.3101691722869873
DNK,1995-1999,1.2755255937576293
DNK,2000-2004,1.0755862712860107
DNK,2005-2009,0.9885388016700745
DNK,2010-2014,0.9817938804626465
DNK,2015-2018,1.0836167335510254
DOM,1990-1994,0.19670937350019813
DOM,1995-1999,-0.20756981894373894
DOM,2000-2004,-0.13915178370662035
DOM,2005-2009,-0.2519200436770916
DOM,2010-2014,-0.4594625949859619
DOM,2015-2018,-0.48265423253178596
DZA,1990-1994,-0.830170738697052
DZA,1995-1999,-0.8433995604515075
DZA,2000-2004,-1.0617206573486329
DZA,2005-2009,-1.1101139664649964
DZA,2010-2014,-1.038961684703827
DZA,2015-2018,-1.0689529329538345
ECU,1990-1994,-0.36010630130767823
ECU,1995-1999,-0.11395911052823067
ECU,2000-2004,-0.343884801864624
ECU,2005-2009,-0.44331935346126555
ECU,2010-2014,-1.1072186589241029
ECU,2015-2018,-0.8268499001860619
EGY,1990-1994,-0.6077768266201019
EGY,1995-1999,-0.8286530613899231
EGY,2000-2004,-1.1665316104888916
EGY,2005-2009,-1.4323346138000488
EGY,2010-2014,-1.1916023731231689
EGY,2015-2018,-1.138003259897232
ERI,1990-1994,-0.3536263555288315
ERI,1995-1999,-0.5185967177152634
ERI,2000-2004,-0.5321256399154664
ERI,2005-2009,-0.5404923915863037
ERI,2010-2014,-0.6394836604595184
ERI,2015-2018,-0.6726667881011963
ESP,1990-1994,1.0360178232192994
ESP,1995-1999,1.1760966062545777
ESP,2000-2004,1.0061696290969848
ESP,2005-2009,0.898028039932251
ESP,2010-2014,0.8627605438232422
ESP,2015-2018,1.0263963043689728
EST,1990-1994,1.158352255821228
EST,1995-1999,1.2053079843521117
EST,2000-2004,1.026755166053772
EST,2005-2009,0.9263554096221924
EST,2010-2014,0.9950080633163452
EST,2015-2018,1.0810492634773254
ETH,1990-1994,-0.39771249890327454
ETH,1995-1999,-0.2620611786842346
ETH,2000-2004,-0.37845648229122164
ETH,2005-2009,-0.40050740242004396
ETH,2010-2014,-0.4633410573005676
ETH,2015-2018,-0.48851846903562546
FIN,1990-1994,1.2517558813095093
FIN,1995-1999,1.2884436130523682
FIN,2000-2004,1.0178850769996644
FIN,2005-2009,0.8775776505470276
FIN,2010-2014,0.8807721495628357
FIN,2015-2018,0.8760530948638916
FJI,1990-1994,0.15788999199867249
FJI,1995-1999,-0.2697266787290573
FJI,2000-2004,-0.03744147792458534
FJI,2005-2009,0.10769371241331102
FJI,2010-2014,-0.25365396291017533
FJI,2015-2018,-0.33572621643543243
FRA,1990-1994,1.9235440015792846
FRA,1995-1999,1.654038429260254
FRA,2000-2004,1.399562382698059
FRA,2005-2009,1.3916596174240112
FRA,2010-2014,1.3202246189117433
FRA,2015-2018,1.4294795095920563
FSM,1990-1994,0.8113170266151428
FSM,1995-1999,1.396545147895813
FSM,2000-2004,2.034233808517456
FSM,2005-2009,1.740609622001648
FSM,2010-2014,1.7930444002151489
FSM,2015-2018,1.5657994747161865
GAB,1990-1994,-0.33623711913824084
GAB,1995-1999,-0.5269905418157578
GAB,2000-2004,-0.6331748962402344
GAB,2005-2009,-0.6670928716659545
GAB,2010-2014,-0.42437756061553955
GAB,2015-2018,-0.3245544508099556
GBR,1990-1994,2.1796432018280028
GBR,1995-1999,1.8797064304351807
GBR,2000-2004,1.5895437955856324
GBR,2005-2009,1.4912601947784423
GBR,2010-2014,1.550204610824585
GBR,2015-2018,1.613989233970642
GEO,1990-1994,1.2254604697227478
GEO,1995-1999,0.8198162078857422
GEO,2000-2004,0.8384889483451843
GEO,2005-2009,0.8399476766586303
GEO,2010-2014,0.7960800409317017
GEO,2015-2018,0.8632450252771378
GHA,1990-1994,-0.7372366845607757
GHA,1995-1999,-0.940355122089386
GHA,2000-2004,-0.6127773642539978
GHA,2005-2009,-0.4015577495098114
GHA,2010-2014,-0.5025238752365112
GHA,2015-2018,-0.3236047253012657
GIN,1990-1994,-0.626163375377655
GIN,1995-1999,-0.6844352781772614
GIN,2000-2004,-0.5994544982910156
GIN,2005-2009,-0.760413384437561
GIN,2010-2014,-0.6614577889442443
GIN,2015-2018,-0.7243275195360184
GMB,1990-1994,-0.32504045963287354
GMB,1995-1999,-0.7162936627864838
GMB,2000-2004,-0.8051513075828552
GMB,2005-2009,-0.9453641414642334
GMB,2010-2014,-0.5373573422431945
GMB,2015-2018,-0.6621895730495453
GNB,1990-1994,-0.5880672335624695
GNB,1995-1999,-0.6264441549777985
GNB,2000-2004,-0.629060705502828
GNB,2005-2009,-0.44465029835700987
GNB,2010-2014,-0.4735906422138214
GNB,2015-2018,-0.5650025233626366
GNQ,1990-1994,-0.013978430069983006
GNQ,1995-1999,-0.08029619902372362
GNQ,2000-2004,-0.4281364891678095
GNQ,2005-2009,-0.2158848576247692
GNQ,2010-2014,-0.4375923663377762
GNQ,2015-2018,-0.5534074008464813
GRC,1990-1994,0.9821180105209351
GRC,1995-1999,1.1099792003631592
GRC,2000-2004,0.9814723253250122
GRC,2005-2009,0.9223009705543518
GRC,2010-2014,0.853618037700653
GRC,2015-2018,0.8020614832639694
GRD,1990-1994,-0.2074164856225252
GRD,1995-1999,-0.11014632023870943
GRD,2000-2004,-0.26458842158317564
GRD,2005-2009,-0.3733570635318756
GRD,2010-2014,-0.45642133951187136
GRD,2015-2018,-0.46122312545776367
GTM,1990-1994,-0.3577140748500824
GTM,1995-1999,-0.02410749521804974
GTM,2000-2004,0.05606650384142995
GTM,2005-2009,-0.10846738219261169
GTM,2010-2014,-0.1512080892920494
GTM,2015-2018,0.025795107474550605
GUY,1990-1994,-0.46836853325366973
GUY,1995-1999,-0.3875281989574432
GUY,2000-2004,-0.5181128442287445
GUY,2005-2009,-0.5414437234401703
GUY,2010-2014,-0.6272899270057678
GUY,2015-2018,-0.4943273067474365
HND,1990-1994,-0.10472367554903031
HND,1995-1999,-0.1550034150481224
HND,2000-2004,-0.05032930746674538
HND,2005-2009,-0.11062453985214234
HND,2010-2014,-0.02679953575134277
HND,2015-2018,0.09160605166107416
HRV,1990-1994,1.0224815209706624
HRV,1995-1999,0.9701050400733948
HRV,2000-2004,0.8945119142532348
HRV,2005-2009,0.8896422743797302
HRV,2010-2014,0.9251586437225342
HRV,2015-2018,1.0249043256044388
HTI,1990-1994,-0.30591924488544464
HTI,1995-1999,-0.2932388037443161
HTI,2000-2004,-0.38875533938407897
HTI,2005-2009,-0.2764251232147217
HTI,2010-2014,-0.33408973813056947
HTI,2015-2018,-0.14813774824142456
HUN,1990-1994,1.2748948097229005
HUN,1995-1999,1.3381304025650025
HUN,2000-2004,1.0901026844978332
HUN,2005-2009,0.9605790972709656
HUN,2010-2014,0.9931094527244568
HUN,2015-2018,1.1553734838962555
IDN,1990-1994,-1.0763497233390809
IDN,1995-1999,-1.1411782264709474
IDN,2000-2004,-0.9409565687179565
IDN,2005-2009,-0.996876883506775
IDN,2010-2014,-0.8901927709579468
IDN,2015-2018,-0.9696052968502045
IND,1990-1994,-0.9181826829910278
IND,1995-1999,-1.1110637187957764
IND,2000-2004,-0.3709998056292534
IND,2005-2009,-0.3785657167434692
IND,2010-2014,-0.6255964398384094
IND,2015-2018,-0.25652897730469704
IRL,1990-1994,1.0778069972991944
IRL,1995-1999,0.9807016491889954
IRL,2000-2004,0.8140568375587464
IRL,2005-2009,0.7565655946731568
IRL,2010-2014,0.748127031326294
IRL,2015-2018,0.6963167488574982
IRN,1990-1994,-1.1347997426986693
IRN,1995-1999,-1.5275364160537719
IRN,2000-2004,-1.2409401655197143
IRN,2005-2009,-1.4792539834976197
IRN,2010-2014,-1.75981662273407
IRN,2015-2018,-1.600398987531662
IRQ,1990-1994,-1.4872625589370727
IRQ,2000-2004,-1.177968978881836
IRQ,2005-2009,-0.6088472843170166
IRQ,2010-2014,-0.6831918001174927
IRQ,2015-2018,-0.8900272101163864
ISL,1990-1994,1.300091028213501
ISL,1995-1999,1.2530877828598022
ISL,2000-2004,1.0684404850006104
ISL,2005-2009,0.8913730144500732
ISL,2010-2014,0.8160981059074401
ISL,2015-2018,0.8531945049762726
ISR,1990-1994,2.2890541553497314
ISR,1995-1999,2.385202407836914
ISR,2000-2004,2.2945500373840333
ISR,2005-2009,2.2129623889923096
ISR,2010-2014,2.263787794113159
ISR,2015-2018,2.3199835419654846
ITA,1990-1994,1.5950262069702148
ITA,1995-1999,1.2906163930892944
ITA,2000-2004,1.0527452111244202
ITA,2005-2009,0.9127024412155151
ITA,2010-2014,0.8955420613288879
ITA,2015-2018,0.9701377004384995
JAM,1990-1994,-0.055588250420987605
JAM,1995-1999,-0.2181560590863228
JAM,2000-2004,-0.45218005776405334
JAM,2005-2009,-0.538257759809494
JAM,2010-2014,-0.45062186717987063
JAM,2015-2018,-0.39155709743499756
JOR,1990-1994,-0.8613813877105713
JOR,1995-1999,-0.7000327348709107
JOR,2000-2004,-1.0485985040664674
JOR,2005-2009,-0.6821642279624939
JOR,2010-2014,-0.5943623781204224
JOR,2015-2018,-0.6899981200695038
JPN,1990-1994,1.2340670108795166
JPN,1995-1999,0.8701672911643982
JPN,2000-2004,0.7313623905181885
JPN,2005-2009,0.6309902667999268
JPN,2010-2014,0.659405517578125
JPN,2015-2018,0.6970969289541245
KAZ,1990-1994,0.5702065428098043
KAZ,1995-1999,0.44387300610542296
KAZ,2000-2004,0.1625336468219757
KAZ,2005-2009,-0.12587133273482323
KAZ,2010-2014,-0.355565556883812
KAZ,2015-2018,-0.4852534532546997
KEN,1990-1994,-0.21561896204948425
KEN,1995-1999,-0.4328584253787994
KEN,2000-2004,-0.4446166425943375
KEN,2005-2009,-0.41197343468666076
KEN,2010-2014,-0.5205127418041229
KEN,2015-2018,-0.6620561629533768
KGZ,1990-1994,0.4158068547646205
KGZ,1995-1999,0.2673832457512617
KGZ,2000-2004,0.014834584668278694
KGZ,2005-2009,-0.2486204981803894
KGZ,2010-2014,-0.3363780975341797
KGZ,2015-2018,-0.670532301068306
KHM,1990-1994,-0.3601939231157303
KHM,1995-1999,-0.30335127282887697
KHM,2000-2004,-0.6793924689292907
KHM,2005-2009,-0.6306990504264831
KHM,2010-2014,-0.7215809941291809
KHM,2015-2018,-0.991245910525322
KIR,2000-2004,0.07190217711031435
KIR,2005-2009,0.6255468964576721
KIR,2010-2014,0.5651829391717911
KIR,2015-2018,-0.16027189418673515
KNA,1990-1994,-0.06080431323498488
KNA,1995-1999,-0.41071416437625885
KNA,2000-2004,-0.5297875463962555
KNA,2005-2009,-0.4918530941009521
KNA,2010-2014,-0.5182225584983826
KNA,2015-2018,-0.3805401548743248
KOR,1990-1994,0.537403404712677
KOR,1995-1999,0.5647266149520874
KOR,2000-2004,0.6676218628883361
KOR,2005-2009,0.590174651145935
KOR,2010-2014,0.6617257118225097
KOR,2015-2018,0.8696810305118561
KWT,1990-1994,-0.467310893535614
KWT,1995-1999,-0.454841673374176
KWT,2000-2004,-0.755096697807312
KWT,2005-2009,-0.9217689037322998
KWT,2010-2014,-0.90683913230896
KWT,2015-2018,-0.8324553817510605
LAO,1990-1994,-0.9694446563720703
LAO,1995-1999,-1.1375287771224976
LAO,2000-2004,-0.9537435293197631
LAO,2005-2009,-0.7769622206687927
LAO,2010-2014,-0.8989344716072083
LAO,2015-2018,-1.0587677657604218
LBN,1990-1994,-0.7881275534629821
LBN,1995-1999,-1.099537229537964
LBN,2000-2004,-1.0737855911254883
LBN,2005-2009,-0.7224698185920715
LBN,2010-2014,-0.9337304115295411
LBN,2015-2018,-0.997560054063797
LBR,1990-1994,-0.3283304050564766
LBR,1995-1999,-0.48929163813591003
LBR,2000-2004,-0.37827420234680176
LBR,2005-2009,-0.28841676115989684
LBR,2010-2014,-0.21044099628925322
LBR,2015-2018,-0.08033820427954197
LBY,1990-1994,-1.248427188396454
LBY,1995-1999,-1.768666434288025
LBY,2000-2004,-1.4777735948562623
LBY,2005-2009,-1.339978575706482
LBY,2010-2014,-0.7101318299770355
LBY,2015-2018,-0.7333225160837173
LCA,1990-1994,-0.10307537466287613
LCA,1995-1999,-0.5020653069019317
LCA,2000-2004,-0.7306053876876831
LCA,2005-2009,-0.5290507256984711
LCA,2010-2014,-0.47142047584056856
LCA,2015-2018,-0.474872924387455
LIE,1990-1994,1.1226208209991455
LIE,1995-1999,1.056973659992218
LIE,2000-2004,0.8989429354667664
LIE,2005-2009,0.7931381821632385
LIE,2010-2014,0.7633662223815918
LIE,2015-2018,0.6834692806005478
LKA,1990-1994,-0.8519623398780822
LKA,1995-1999,-0.8590551972389221
LKA,2000-2004,-0.6572504281997681
LKA,2005-2009,-0.6708596050739288
LKA,2010-2014,-0.9992772698402405
LKA,2015-2018,-0.6033138483762741
LSO,1990-1994,-0.42700700610876086
LSO,1995-1999,-0.4301659196615219
LSO,2000-2004,-0.528963178396225
LSO,2005-2009,-0.5351234018802643
LSO,2010-2014,-0.6159455835819244
LSO,2015-2018,-0.5638063475489616
LTU,1990-1994,1.1566340029239655
LTU,1995-1999,1.2548645973205566
LTU,2000-2004,1.0436881184577942
LTU,2005-2009,0.9576315999031066
LTU,2010-2014,0.9997812509536743
LTU,2015-2018,1.1152159571647644
LUX,1990-1994,1.6117105960845948
LUX,1995-1999,1.3925642251968384
LUX,2000-2004,1.0666908144950866
LUX,2005-2009,0.925987184047699
LUX,2010-2014,0.8646347403526307
LUX,2015-2018,0.9760275632143021
LVA,1990-1994,1.1880492568016052
LVA,1995-1999,1.2316070079803467
LVA,2000-2004,1.0994810104370116
LVA,2005-2009,0.9658066511154175
LVA,2010-2014,1.003817343711853
LVA,2015-2018,1.0954565107822418
MAR,1990-1994,-0.6070414632558823
MAR,1995-1999,-0.606816029548645
MAR,2000-2004,-0.8798603951931
MAR,2005-2009,-0.696952509880066
MAR,2010-2014,-0.5989759504795075
MAR,2015-2018,-0.48620152473449707
MCO,1990-1994,1.9447504878044128
MCO,1995-1999,1.3673200130462646
MCO,2000-2004,1.0264370083808898
MCO,2005-2009,0.9062570214271546
MCO,2010-2014,0.8874130010604858
MCO,2015-2018,1.0306555777788162
MDA,1990-1994,1.165608008702596
MDA,1995-1999,1.0388428807258605
MDA,2000-2004,0.7859343647956848
MDA,2005-2009,0.8292701005935669
MDA,2010-2014,0.8780904531478881
MDA,2015-2018,0.7909938991069794
MDG,1990-1994,-0.6660628199577332
MDG,1995-1999,-0.5099202632904053
MDG,2000-2004,-0.47616449296474456
MDG,2005-2009,-0.3397331416606903
MDG,2010-2014,-0.3449911683797836
MDG,2015-2018,-0.5619507506489754
MDV,1990-1994,-0.5876401007175446
MDV,1995-1999,-0.4511433780193329
MDV,2000-2004,-0.5731631815433502
MDV,2005-2009,-0.5439636528491973
MDV,2010-2014,-0.410566520690918
MDV,2015-2018,-0.5509257987141609
MEX,1990-1994,-0.5756363451480866
MEX,1995-1999,-0.45609852075576784
MEX,2000-2004,-0.34827656149864195
MEX,2005-2009,-0.10831519812345505
MEX,2010-2014,-0.07342361791816074
MEX,2015-2018,-0.05225245119072497
MHL,1990-1994,0.7949225902557373
MHL,1995-1999,0.9759274005889893
MHL,2000-2004,1.8410868167877197
MHL,2005-2009,1.5780144214630127
MHL,2010-2014,1.0765687823295593
MHL,2015-2018,0.7986445277929306
MKD,1990-1994,0.8392794132232666
MKD,1995-1999,0.978905200958252
MKD,2000-2004,0.9288810610771179
MKD,2005-2009,0.9214001178741456
MKD,2010-2014,0.8451744079589844
MKD,2015-2018,0.8173791766166687
MLI,1990-1994,-0.6762995541095733
MLI,1995-1999,-0.6692663192749023
MLI,2000-2004,-0.6666494250297547
MLI,2005-2009,-0.6072105050086976
MLI,2010-2014,-0.6051054298877716
MLI,2015-2018,-0.5269432403147221
MLT,1990-1994,0.7629153370857239
MLT,1995-1999,0.5310568869113922
MLT,2000-2004,0.6326610803604126
MLT,2005-2009,0.6410638928413391
MLT,2010-2014,0.6194276571273803
MLT,2015-2018,0.6351642906665802
MMR,1990-1994,-0.8073310613632202
MMR,1995-1999,-1.4053392648696899
MMR,2000-2004,-1.2760226011276246
MMR,2005-2009,-1.1335485935211183
MMR,2010-2014,-1.2103264093399049
MMR,2015-2018,-0.8137691915035248
MNE,2005-2009,0.8657635748386383
MNE,2010-2014,0.8247599363327026
MNE,2015-2018,0.9484601616859436
MNG,1990-1994,-0.35817663967609403
MNG,1995-1999,-0.10926206819713116
MNG,2000-2004,-0.3327329456806183
MNG,2005-2009,-0.34482752084732055
MNG,2010-2014,-0.28866043984889983
MNG,2015-2018,-0.507290355861187
MOZ,1990-1994,-0.6282770216464997
MOZ,1995-1999,-0.5957361936569214
MOZ,2000-2004,-0.6246866583824158
MOZ,2005-2009,-0.5667022347450257
MOZ,2010-2014,-0.5790258586406708
MOZ,2015-2018,-0.7129660546779633
MRT,1990-1994,-0.7515562415122986
MRT,1995-1999,-0.5851823538541794
MRT,2000-2004,-1.099912941455841
MRT,2005-2009,-0.6734533190727234
MRT,2010-2014,-0.6834113359451294
MRT,2015-2018,-0.7557009160518646
MUS,1990-1994,-0.2263398863375187
MUS,1995-1999,-0.2501772254705429
MUS,2000-2004,-0.32902883887290957
MUS,2005-2009,-0.39038434624671936
MUS,2010-2014,-0.44762963652610777
MUS,2015-2018,-0.4549531489610672
MWI,1990-1994,0.06050447225570681
MWI,1995-1999,-0.27358563542366027
MWI,2000-2004,-0.3008260793983936
MWI,2005-2009,-0.2881016254425049
MWI,2010-2014,-0.23200595676898955
MWI,2015-2018,-0.31467708200216293
MYS,1990-1994,-0.954602837562561
MYS,1995-1999,-0.6427786707878113
MYS,2000-2004,-0.8055087924003601
MYS,2005-2009,-0.9305570960044861
MYS,2010-2014,-0.746772825717926
MYS,2015-2018,-0.6804990619421005
NAM,1990-1994,-0.8214338421821594
NAM,1995-1999,-0.7071741104125977
NAM,2000-2004,-0.6066228866577148
NAM,2005-2009,-0.5654190599918365
NAM,2010-2014,-0.7115141749382019
NAM,2015-2018,-0.7748759239912033
NER,1990-1994,-0.669053316116333
NER,1995-1999,-0.868868350982666
NER,2000-2004,-0.8948544859886169
NER,2005-2009,-0.6445150196552276
NER,2010-2014,-0.6178277492523193
NER,2015-2018,-0.710448145866394
NGA,1990-1994,-0.5914822936058044
NGA,1995-1999,-1.2074607968330384
NGA,2000-2004,-0.675655996799469
NGA,2005-2009,-0.48145695924758913
NGA,2010-2014,-0.5525414943695068
NGA,2015-2018,-0.6392815113067627
NIC,1990-1994,-0.272137974947691
NIC,1995-1999,2.6442447851877937e-4
NIC,2000-2004,0.02573595140129328
NIC,2005-2009,-0.5398168809711933
NIC,2010-2014,-1.3715189933776855
NIC,2015-2018,-1.396522730588913
NLD,1990-1994,1.645538592338562
NLD,1995-1999,1.4156257867813111
NLD,2000-2004,1.0890916109085083
NLD,2005-2009,0.9936597108840942
NLD,2010-2014,0.9961525678634644
NLD,2015-2018,1.0266802608966827
NOR,1990-1994,1.283629012107849
NOR,1995-1999,1.2417214155197143
NOR,2000-2004,1.062572169303894
NOR,2005-2009,0.8462825655937195
NOR,2010-2014,0.8499192953109741
NOR,2015-2018,0.9032295197248459
NPL,1990-1994,-0.3279953390359879
NPL,1995-1999,-0.6002292990684509
NPL,2000-2004,-0.6254846811294555
NPL,2005-2009,-0.42140337228775027
NPL,2010-2014,-0.6254070043563843
NPL,2015-2018,-0.6580503433942795
NRU,2000-2004,0.4453063189983368
NRU,2005-2009,1.170315408706665
NRU,2010-2014,1.2487539649009705
NRU,2015-2018,0.38126450404524803
NZL,1990-1994,0.9092298865318298
NZL,1995-1999,0.7680343866348267
NZL,2000-2004,0.7569232106208801
NZL,2005-2009,0.6670368909835815
NZL,2010-2014,0.7287180304527283
NZL,2015-2018,0.6515903472900391
OMN,1990-1994,-0.6305372953414917
OMN,1995-1999,-0.7665348649024963
OMN,2000-2004,-1.1388832092285157
OMN,2005-2009,-1.159785544872284
OMN,2010-2014,-1.1469995737075807
OMN,2015-2018,-0.9943942278623581
PAK,1990-1994,-0.8086968243122101
PAK,1995-1999,-0.8419808983802796
PAK,2000-2004,-0.5859662055969238
PAK,2005-2009,-0.5447351098060608
PAK,2010-2014,-0.7281106591224671
PAK,2015-2018,-0.308914128690958
PAN,1990-1994,0.31556580066680906
PAN,1995-1999,-0.25193736627697944
PAN,2000-2004,-0.28305686116218565
PAN,2005-2009,-0.06778854429721834
PAN,2010-2014,0.18990253135561944
PAN,2015-2018,-0.01303979940712452
PER,1990-1994,-0.28253742307424545
PER,1995-1999,-0.14444527626037598
PER,2000-2004,0.04422469567507505
PER,2005-2009,-0.03364879209548235
PER,2010-2014,-0.08490638881921768
PER,2015-2018,-0.15390727669000626
PHL,1990-1994,-0.5593110680580139
PHL,1995-1999,-0.7094446241855621
PHL,2000-2004,-0.40948224663734434
PHL,2005-2009,-0.41398072242736816
PHL,2010-2014,-0.4568592727184296
PHL,2015-2018,-0.5704114735126495
PLW,1995-1999,0.8999160528182983
PLW,2000-2004,1.9148965358734131
PLW,2005-2009,1.857643985748291
PLW,2010-2014,1.814380979537964
PLW,2015-2018,0.6965034045279026
PNG,1990-1994,-0.024207156151533127
PNG,1995-1999,-0.5964129321277142
PNG,2000-2004,0.015486078709363948
PNG,2005-2009,0.1265542022883892
PNG,2010-2014,0.04412227291613817
PNG,2015-2018,-0.0992022268474102
POL,1990-1994,1.3425047874450684
POL,1995-1999,1.2663707971572875
POL,2000-2004,1.0894969940185546
POL,2005-2009,0.9831498742103577
POL,2010-2014,0.9848628044128418
POL,2015-2018,1.0962092280387878
PRK,1990-1994,-1.5315167605876923
PRK,1995-1999,-1.7956932067871094
PRK,2000-2004,-1.3511459589004517
PRK,2005-2009,-1.1928118348121644
PRK,2010-2014,-1.953285002708435
PRK,2015-2018,-0.5364951640367508
PRT,1990-1994,1.382730984687805
PRT,1995-1999,1.2211008071899414
PRT,2000-2004,0.9991130948066711
PRT,2005-2009,0.8882067322731018
PRT,2010-2014,0.8689865946769715
PRT,2015-2018,0.9074341803789139
PRY,1990-1994,0.05640748701989651
PRY,1995-1999,0.051917535439133654
PRY,2000-2004,0.038252154737710944
PRY,2005-2009,-0.21494517773389815
PRY,2010-2014,-0.13574493005871774
PRY,2015-2018,-0.03474205601378344
QAT,1990-1994,-0.6434351205825806
QAT,1995-1999,-0.8540684819221497
QAT,2000-2004,-1.1488657951354981
QAT,2005-2009,-0.9934985876083374
QAT,2010-2014,-0.926948082447052
QAT,2015-2018,-0.74522964656353
ROU,1990-1994,1.3507007837295533
ROU,1995-1999,1.2600061893463135
ROU,2000-2004,1.027400803565979
ROU,2005-2009,0.9212348103523255
ROU,2010-2014,0.936433744430542
ROU,2015-2018,1.036911517381668
RUS,1990-1994,0.8219197750091553
RUS,1995-1999,0.7042238295078278
RUS,2000-2004,0.18554649651050567
RUS,2005-2009,-0.004161586612462997
RUS,2010-2014,-0.03176806177943945
RUS,2015-2018,0.10571981128305197
RWA,1990-1994,-0.3700315147638321
RWA,1995-1999,-0.3030383076518774
RWA,2000-2004,-0.42587176263332366
RWA,2005-2009,-0.45895888209342955
RWA,2010-2014,-0.34548230469226837
RWA,2015-2018,-0.24507432128302753
SAU,1990-1994,-0.5307369410991669
SAU,1995-1999,-0.694205927848816
SAU,2000-2004,-0.9833682179450989
SAU,2005-2009,-0.7671301960945129
SAU,2010-2014,-0.8480606555938721
SAU,2015-2018,-0.6417716443538666
SDN,1990-1994,-1.5293965101242066
SDN,1995-1999,-1.5942217826843261
SDN,2000-2004,-1.290717601776123
SDN,2005-2009,-1.3088703632354737
SDN,2010-2014,-1.2207621932029724
SDN,2015-2018,-1.3236550092697144
SEN,1990-1994,-0.5329656779766083
SEN,1995-1999,-0.40077704191207886
SEN,2000-2004,-0.5608200013637543
SEN,2005-2009,-0.6756111264228821
SEN,2010-2014,-0.5425235092639923
SEN,2015-2018,-0.5368284359574318
SGP,1990-1994,-0.23337615877389908
SGP,1995-1999,-0.3416918784379959
SGP,2000-2004,-0.17962704002857208
SGP,2005-2009,-0.2687140166759491
SGP,2010-2014,-0.4939710021018982
SGP,2015-2018,-0.5446210652589798
SLB,1990-1994,0.30411392748355864
SLB,1995-1999,0.14466114863753318
SLB,2000-2004,0.1647739164531231
SLB,2005-2009,-0.20545905902981756
SLB,2010-2014,-0.3995941817760468
SLB,2015-2018,-0.10448193736374378
SLE,1990-1994,-0.6272823095321656
SLE,1995-1999,-0.4200237452983856
SLE,2000-2004,-0.52554771900177
SLE,2005-2009,-0.57645503282547
SLE,2010-2014,-0.44451112151145933
SLE,2015-2018,-0.49162212759256363
SLV,1990-1994,-0.08452916368842125
SLV,1995-1999,-0.16611373350024222
SLV,2000-2004,-0.16765506491065024
SLV,2005-2009,-0.16021454632282256
SLV,2010-2014,-0.2053792614489794
SLV,2015-2018,-0.46067747473716736
SMR,1990-1994,1.030661145846049
SMR,1995-1999,0.7318026542663574
SMR,2000-2004,0.8522931694984436
SMR,2005-2009,0.8158127903938294
SMR,2010-2014,0.80925750732421875
SMR,2015-2018,0.6656921803951263
SOM,1990-1994,-0.8038731515407562
SOM,1995-1999,-0.8984465003013611
SOM,2000-2004,-0.9540172616640726
SOM,2005-2009,-0.9333810806274414
SOM,2010-2014,-0.7083532571792602
SOM,2015-2018,-0.5608949065208435
SSD,2010-2014,0.19309598580002785
SSD,2015-2018,0.18903658562339842
STP,1990-1994,-0.49020954966545105
STP,2000-2004,-0.4819568507373333
STP,2005-2009,-0.5709866642951965
STP,2010-2014,-0.39484084248542783
STP,2015-2018,-0.4040687084197998
SUR,1990-1994,-0.40391978025436404
SUR,1995-1999,-0.4610214374959469
SUR,2000-2004,-0.47698461413383486
SUR,2005-2009,-0.5613680422306061
SUR,2010-2014,-0.6549097299575806
SUR,2015-2018,-0.6289581954479218
SVK,1990-1994,1.3787155151367188
SVK,1995-1999,1.227191185951233
SVK,2000-2004,0.9697007060050964
SVK,2005-2009,0.9367694139480591
SVK,2010-2014,0.9775001168251037
SVK,2015-2018,1.0458239912986755
SVN,1990-1994,1.182787299156189
SVN,1995-1999,1.177670407295227
SVN,2000-2004,1.02283536195755
SVN,2005-2009,0.9285935044288636
SVN,2010-2014,0.8449524998664856
SVN,2015-2018,1.0001004934310913
SWE,1990-1994,1.112233328819275
SWE,1995-1999,1.0840002655982972
SWE,2000-2004,0.9222838521003723
SWE,2005-2009,0.8021905422210693
SWE,2010-2014,0.8323161482810975
SWE,2015-2018,0.7524267286062241
SWZ,1990-1994,-0.21274553835392
SWZ,1995-1999,-0.010426742583513265
SWZ,2000-2004,-0.5936818361282349
SWZ,2005-2009,-0.5744059145450592
SWZ,2010-2014,-0.7353335499763489
SWZ,2015-2018,-0.5272107496857643
SYC,1990-1994,-0.6060823857784271
SYC,1995-1999,-0.5582933127880096
SYC,2000-2004,-0.5380300208926201
SYC,2005-2009,-0.7663522243499756
SYC,2010-2014,-0.3875047743320465
SYC,2015-2018,-0.5127156674861908
SYR,1990-1994,-1.1475258827209474
SYR,1995-1999,-1.6082402229309083
SYR,2000-2004,-1.151846742630005
SYR,2005-2009,-1.3630280017852783
SYR,2010-2014,-1.7463956117630004
SYR,2015-2018,-1.7749079763889313
TCD,1990-1994,-0.5717021450400352
TCD,1995-1999,-0.8789493680000305
TCD,2000-2004,-1.0233850836753846
TCD,2005-2009,-0.5911531418561935
TCD,2010-2014,-0.4021961659193039
TCD,2015-2018,-0.6026481091976166
TGO,1990-1994,-0.28635465370025487
TGO,1995-1999,-0.7135524988174439
TGO,2000-2004,-0.7806559085845948
TGO,2005-2009,-0.5897248029708863
TGO,2010-2014,-0.27110581994056704
TGO,2015-2018,0.0042059882543981075
THA,1990-1994,-0.5273896336555481
THA,1995-1999,-0.5314932405948639
THA,2000-2004,-0.2731786802411079
THA,2005-2009,-0.2730634808540344
THA,2010-2014,-0.4143582463264465
THA,2015-2018,-0.42711401730775833
TJK,1990-1994,0.39215136567751563
TJK,1995-1999,0.3637885544449091
TJK,2000-2004,0.03629864938557148
TJK,2005-2009,-0.27760322093963624
TJK,2010-2014,-0.4528385430574417
TJK,2015-2018,-0.6307671070098877
TKM,1990-1994,0.23631209631760916
TKM,1995-1999,-0.22945795115083456
TKM,2000-2004,-0.3825159378349781
TKM,2005-2009,-0.8471006155014038
TKM,2010-2014,-0.7315330028533935
TKM,2015-2018,-0.8335178196430206
TLS,2000-2004,-0.21337643265724182
TLS,2005-2009,-0.14095092564821243
TLS,2010-2014,-0.25153847932815554
TLS,2015-2018,-0.3367518112063408
TON,2000-2004,0.30789327025413515
TON,2005-2009,0.2644700795412064
TON,2010-2014,0.24148449897766114
TON,2015-2018,0.12115396000444889
TTO,1990-1994,-0.4582794189453125
TTO,1995-1999,-0.2366803765296936
TTO,2000-2004,-0.3762717336416245
TTO,2005-2009,-0.5249167144298553
TTO,2010-2014,-0.5014636814594269
TTO,2015-2018,-0.5458105653524399
TUN,1990-1994,-0.6936731219291687
TUN,1995-1999,-0.7539664506912231
TUN,2000-2004,-1.0745914936065675
TUN,2005-2009,-0.7985381841659546
TUN,2010-2014,-0.6421379566192627
TUN,2015-2018,-0.6508201658725739
TUR,1990-1994,0.7770098924636841
TUR,1995-1999,0.6817875504493713
TUR,2000-2004,0.5976803183555603
TUR,2005-2009,0.498549097776413
TUR,2010-2014,0.4446027636528015
TUR,2015-2018,0.5946740210056305
TUV,2000-2004,0.9183606326580047
TUV,2005-2009,0.023502302169799795
TUV,2010-2014,-0.279749596118927
TUV,2015-2018,-0.09683564864099026
TZA,1990-1994,-0.9618409395217895
TZA,1995-1999,-1.0693183183670043
TZA,2000-2004,-0.7265564441680908
TZA,2005-2009,-0.36267416179180145
TZA,2010-2014,-0.5759927570819855
TZA,2015-2018,-0.767836719751358
UGA,1990-1994,-1.0105654835700988
UGA,1995-1999,-0.8057914972305298
UGA,2000-2004,-0.4748342841863632
UGA,2005-2009,-0.25012752786278725
UGA,2010-2014,-0.7734463691711426
UGA,2015-2018,-0.9547968953847885
UKR,1990-1994,0.38237320324406027
UKR,1995-1999,0.4968262791633606
UKR,2000-2004,0.39804807901382444
UKR,2005-2009,0.8074662804603576
UKR,2010-2014,0.7978093385696411
UKR,2015-2018,1.0546730756759644
URY,1990-1994,0.24811613075435163
URY,1995-1999,-0.008062192797660829
URY,2000-2004,0.049699120223522186
URY,2005-2009,-0.10664339847862721
URY,2010-2014,-0.33424438536167145
URY,2015-2018,-0.3932800516486168
USA,1990-1994,2.9428606033325195
USA,1995-1999,2.871658182144165
USA,2000-2004,2.64231162071228
USA,2005-2009,2.621048021316528
USA,2010-2014,2.442756938934326
USA,2015-2018,2.5322651863098145
UZB,1990-1994,0.3893812894821167
UZB,1995-1999,0.7528056859970093
UZB,2000-2004,0.3827076926827431
UZB,2005-2009,-0.3131067961454391
UZB,2010-2014,-0.3410409390926361
UZB,2015-2018,-0.35712970048189163
VCT,1990-1994,0.05190621502697468
VCT,1995-1999,-0.15589044317603112
VCT,2000-2004,-0.1659420753829181
VCT,2005-2009,-0.5549386441707611
VCT,2010-2014,-0.636731994152069
VCT,2015-2018,-0.5523131936788559
VEN,1990-1994,-0.309482941031456
VEN,1995-1999,-0.3469206064939499
VEN,2000-2004,-0.5724907219409943
VEN,2005-2009,-1.1255855798721313
VEN,2010-2014,-1.4682159900665284
VEN,2015-2018,-1.499070018529892
VNM,1990-1994,-1.2551953315734863
VNM,1995-1999,-1.4054021835327148
VNM,2000-2004,-1.2825756072998047
VNM,2005-2009,-1.1824652194976806
VNM,2010-2014,-1.10131778717041
VNM,2015-2018,-1.0146993398666382
VUT,1990-1994,-0.3845705956220627
VUT,1995-1999,-0.08223584841471165
VUT,2000-2004,0.1713015679270029
VUT,2005-2009,0.31363929659128187
VUT,2010-2014,0.06546156555414198
VUT,2015-2018,-0.012308823876082897
WSM,1990-1994,0.45751533210277556
WSM,1995-1999,0.2552618145942688
WSM,2000-2004,0.29116438031196595
WSM,2005-2009,0.2341612160205841
WSM,2010-2014,0.1930140420794487
WSM,2015-2018,-0.027217255905270576
YEM,1990-1994,-1.0117857456207275
YEM,1995-1999,-0.7821550488471984
YEM,2000-2004,-1.019680655002594
YEM,2005-2009,-0.9549500107765198
YEM,2010-2014,-0.9354612708091736
YEM,2015-2018,-0.6879248768091202
YUG,1990-1994,-0.6421440442403158
YUG,2000-2004,0.8579653382301331
YUG,2005-2009,0.7124051988124848
YUG,2010-2014,0.5067907273769379
YUG,2015-2018,0.44365227967500687
ZAF,1990-1994,-0.1442963033914566
ZAF,1995-1999,-0.06980879195034503
ZAF,2000-2004,-0.22388408780097963
ZAF,2005-2009,-0.45882525444030764
ZAF,2010-2014,-0.45625296235084534
ZAF,2015-2018,-0.4995419681072235
ZMB,1990-1994,-0.6157698571681977
ZMB,1995-1999,-0.25323289930820464
ZMB,2000-2004,-0.6030365347862243
ZMB,2005-2009,-0.5307984292507172
ZMB,2010-2014,-0.5513823509216309
ZMB,2015-2018,-0.6338010877370834
ZWE,1990-1994,-0.9529882907867432
ZWE,1995-1999,-0.8426595687866211
ZWE,2000-2004,-0.8387541770935059
ZWE,2005-2009,-1.1618143796920777
ZWE,2010-2014,-1.418386173248291
ZWE,2015-2018,-1.6220467686653137
