"country_code","dim1_prev","dim2_prev","dim1_curr","dim2_curr","delta_dim1","delta_dim2","delta_l2","delta_l1","delta_max","idx","startlegis","endlegis","active_periods","n_items_total","n_items_active","n_obs","n_pos","n_neg","n_missing","pct_missing","obs_rate_active","active_periods_with_votes","prop_active_periods_with_votes","mean_obs_per_active_period","min_obs_active_period","max_obs_active_period"
"TCD",4.97693477687927,0.840353662485292,4.96375712639135,1.04315889211369,-0.0131776504879157,0.202805229628401,0.203232899986715,0.215982880116317,0.202805229628401,179,0,5,6,2629,2629,2629,124,2505,0,0,1,6,1,438.166666666667,143,788
"ESP",4.94482401208225,1.08895204497343,4.92128112527359,1.25624526239935,-0.0235428868086602,0.167293217425921,0.168941670750593,0.190836104234581,0.167293217425921,57,0,5,6,2629,2629,2629,119,2510,0,0,1,6,1,438.166666666667,143,788
"GEO",-4.87367055492315,2.46326139851091,-4.93368295829691,2.31113333806961,-0.060012403373757,-0.152128060441298,0.163537259767693,0.212140463815055,0.152128060441298,66,0,5,6,2629,2629,2629,140,2489,0,0,1,6,1,438.166666666667,143,788
"IMN",-4.74035210345677,2.38131742967154,-4.79680269284144,2.23726535389046,-0.0564505893846672,-0.144052075781087,0.154718032493683,0.200502665165755,0.144052075781087,83,0,5,6,2629,2629,2629,131,2498,0,0,1,6,1,438.166666666667,143,788
"BRB",-4.49992816309889,2.63408072902961,-4.56112291069767,2.50144887162965,-0.0611947475987789,-0.132631857399959,0.146068500132785,0.193826604998738,0.132631857399959,28,0,5,6,2629,2629,2629,115,2514,0,0,1,6,1,438.166666666667,143,788
"LBY",-4.46507868987009,2.65435019250052,-4.52710615108359,2.52215901506903,-0.0620274612135008,-0.132191177431494,0.146020249744058,0.194218638644995,0.132191177431494,104,0,5,6,2629,2629,2629,114,2515,0,0,1,6,1,438.166666666667,143,788
"FIN",-4.45767797980679,2.31933296178563,-4.51157050139308,2.18501641674316,-0.0538925215862891,-0.134316545042469,0.144725043289247,0.188209066628759,0.134316545042469,59,0,5,6,2629,2629,2629,125,2504,0,0,1,6,1,438.166666666667,143,788
"SVK",-4.67533611321513,2.1337973997215,-4.71991747019386,1.99774905594994,-0.0445813569787266,-0.136048343771565,0.143166508768813,0.180629700750292,0.136048343771565,172,0,5,6,2629,2629,2629,135,2494,0,0,1,6,1,438.166666666667,143,788
"TKM",4.2143388493808,0.8098065190846,4.19930030807593,0.939648039955311,-0.0150385413048681,0.129841520870711,0.130709518653377,0.144880062175579,0.129841520870711,184,0,5,6,2629,2629,2629,84,2545,0,0,1,6,1,438.166666666667,143,788
"BDI",2.81540368280762,2.69221512011041,2.72831581196363,2.78360430223743,-0.0870878708439959,0.0913891821270254,0.126238979154567,0.178477052971021,0.0913891821270254,14,0,5,6,2629,2629,2629,57,2572,0,0,1,6,1,438.166666666667,143,788
"SSD",-4.36206916435881,1.5797787629121,-4.39536704490918,1.45943086039369,-0.0332978805503661,-0.120347902518412,0.1248693977311,0.153645783068778,0.120347902518412,NA,NA,NA,NA,NA,NA,NA,NA,NA,NA,NA,NA,NA,NA,NA,NA,NA
"CUW",-5.25990715763433,1.65101408607513,-5.28723937471168,1.533822642226,-0.0273322170773431,-0.117191443849125,0.120336547240668,0.144523660926468,0.117191443849125,NA,NA,NA,NA,NA,NA,NA,NA,NA,NA,NA,NA,NA,NA,NA,NA,NA
"TUN",3.49708815490674,0.902869924893896,3.47751962260766,1.01972655792897,-0.0195685322990782,0.116856633035072,0.118483754754116,0.13642516533415,0.116856633035072,NA,NA,NA,NA,NA,NA,NA,NA,NA,NA,NA,NA,NA,NA,NA,NA,NA
"CRI",-4.50208485080636,0.65983842260935,-4.51259470206942,0.543490715751546,-0.0105098512630635,-0.116347706857803,0.116821427249632,0.126857558120867,0.116347706857803,NA,NA,NA,NA,NA,NA,NA,NA,NA,NA,NA,NA,NA,NA,NA,NA,NA
"CZE",-4.09697270661048,1.18475966776744,-4.1215659070527,1.07187418073151,-0.0245932004422134,-0.112885487035925,0.115533366138656,0.137478687478138,0.112885487035925,NA,NA,NA,NA,NA,NA,NA,NA,NA,NA,NA,NA,NA,NA,NA,NA,NA
"NIU",3.22422318638016,0.908102792749296,3.20200709100074,1.0181872262249,-0.0222160953794246,0.110084433475605,0.112303772810857,0.13230052885503,0.110084433475605,NA,NA,NA,NA,NA,NA,NA,NA,NA,NA,NA,NA,NA,NA,NA,NA,NA
"SRB",-4.01307798578667,0.305516645286165,-4.01690406308563,0.194426847464638,-0.00382607729895401,-0.111089797821527,0.111155665836363,0.114915875120481,0.111089797821527,NA,NA,NA,NA,NA,NA,NA,NA,NA,NA,NA,NA,NA,NA,NA,NA,NA
"PAN",2.18549975555171,3.37102541492541,2.08945912378045,3.42561498373903,-0.0960406317712557,0.0545895688136113,0.110470919133851,0.150630200584867,0.0960406317712557,NA,NA,NA,NA,NA,NA,NA,NA,NA,NA,NA,NA,NA,NA,NA,NA,NA
"PHL",-4.09785187313403,1.29226746591848,-4.12406805766466,1.1850494493663,-0.026216184530627,-0.107218016552183,0.110376589024702,0.13343420108281,0.107218016552183,NA,NA,NA,NA,NA,NA,NA,NA,NA,NA,NA,NA,NA,NA,NA,NA,NA
"HKG",3.42849123412898,0.633288403633995,3.41514343838488,0.740345727355775,-0.0133477957441026,0.10705732372178,0.107886209562188,0.120405119465883,0.10705732372178,NA,NA,NA,NA,NA,NA,NA,NA,NA,NA,NA,NA,NA,NA,NA,NA,NA
"CAF",2.22078050837276,3.4938313185402,2.12894553605749,3.54574806335075,-0.0918349723152714,0.051916744810554,0.105494125579915,0.143751717125825,0.0918349723152714,NA,NA,NA,NA,NA,NA,NA,NA,NA,NA,NA,NA,NA,NA,NA,NA,NA
"THA",-0.389545532161315,-4.18088894568379,-0.285789361509995,-4.19136187984946,0.10375617065132,-0.0104729341656711,0.104283389368894,0.114229104816991,0.10375617065132,NA,NA,NA,NA,NA,NA,NA,NA,NA,NA,NA,NA,NA,NA,NA,NA,NA
"LBR",-4.39450889101253,0.145494894800605,-4.3974734524138,0.0431914903934804,-0.00296456140127077,-0.102303404407124,0.102346349117052,0.105267965808395,0.102303404407124,NA,NA,NA,NA,NA,NA,NA,NA,NA,NA,NA,NA,NA,NA,NA,NA,NA
"SAU",3.05911751579427,-2.57641133053843,3.12248853012637,-2.49809642278512,0.0633710143321027,0.078314907753311,0.100742792466207,0.141685922085414,0.078314907753311,NA,NA,NA,NA,NA,NA,NA,NA,NA,NA,NA,NA,NA,NA,NA,NA,NA
"GBR",2.0016846984244,-3.33653052976918,2.08559560965209,-3.28654539672865,0.0839109112276875,0.0499851330405221,0.0976706432257899,0.13389604426821,0.0839109112276875,NA,NA,NA,NA,NA,NA,NA,NA,NA,NA,NA,NA,NA,NA,NA,NA,NA
"GUM",0.685103958569346,3.82235448996071,0.588081128874172,3.82611710519048,-0.0970228296951741,0.00376261522976851,0.0970957607489948,0.100785444924943,0.0970228296951741,NA,NA,NA,NA,NA,NA,NA,NA,NA,NA,NA,NA,NA,NA,NA,NA,NA
"ABW",-3.89689535372338,-0.568725467580489,-3.88323418697573,-0.664675240604527,0.0136611667476516,-0.0959497730240382,0.0969174206232893,0.10961093977169,0.0959497730240382,NA,NA,NA,NA,NA,NA,NA,NA,NA,NA,NA,NA,NA,NA,NA,NA,NA
"KWT",-4.09627445975132,0.572665599861059,-4.10816329710527,0.476604152010087,-0.0118888373539461,-0.096061447850972,0.0967943501287838,0.107950285204918,0.096061447850972,NA,NA,NA,NA,NA,NA,NA,NA,NA,NA,NA,NA,NA,NA,NA,NA,NA
"ISL",2.25875523247617,-2.95007696765565,2.3336760673565,-2.89117693094127,0.074920834880337,0.0589000367143808,0.0953013421947567,0.133820871594718,0.074920834880337,NA,NA,NA,NA,NA,NA,NA,NA,NA,NA,NA,NA,NA,NA,NA,NA,NA
"HUN",0.84256728398467,-3.72621255739278,0.935593886660229,-3.70642286724351,0.0930266026755592,0.0197896901492705,0.095108257483567,0.11281629282483,0.0930266026755592,NA,NA,NA,NA,NA,NA,NA,NA,NA,NA,NA,NA,NA,NA,NA,NA,NA
"MDG",2.938171902111,-2.5013763642709,2.99736032377492,-2.42746286576641,0.0591884216639245,0.0739134985044876,0.0946914701556556,0.133101920168412,0.0739134985044876,NA,NA,NA,NA,NA,NA,NA,NA,NA,NA,NA,NA,NA,NA,NA,NA,NA
"ARM",3.18068352338145,0.300531605025202,3.17672459790793,0.394552014127299,-0.00395892547352217,0.0940204091020974,0.0941037215981953,0.0979793345756195,0.0940204091020974,NA,NA,NA,NA,NA,NA,NA,NA,NA,NA,NA,NA,NA,NA,NA,NA,NA
"SEN",-4.13630375142237,-0.70251651813949,-4.1236495343542,-0.795005944158433,0.0126542170681754,-0.0924894260189437,0.093351074631855,0.105143643087119,0.0924894260189437,NA,NA,NA,NA,NA,NA,NA,NA,NA,NA,NA,NA,NA,NA,NA,NA,NA
"COD",1.5008189390096,3.18687559915181,1.41376732998826,3.21773567801272,-0.087051609021348,0.0308600788609086,0.092359769924503,0.117911687882257,0.087051609021348,NA,NA,NA,NA,NA,NA,NA,NA,NA,NA,NA,NA,NA,NA,NA,NA,NA
"BRA",-3.64570715500796,-1.01586861880031,-3.62234275868801,-1.10443870788286,0.0233643963199528,-0.0885700890825465,0.0915999765037418,0.111934485402499,0.0885700890825465,NA,NA,NA,NA,NA,NA,NA,NA,NA,NA,NA,NA,NA,NA,NA,NA,NA
"ERI",-3.74619558667925,0.679238235733238,-3.75983116730253,0.589242470769923,-0.0136355806232844,-0.0899957649633152,0.0910228914628972,0.1036313455866,0.0899957649633152,NA,NA,NA,NA,NA,NA,NA,NA,NA,NA,NA,NA,NA,NA,NA,NA,NA
"IND",-0.169154895379105,-3.59037000747169,-0.0784681777699825,-3.59683529374206,0.0906867176091225,-0.00646528627037224,0.0909168888451127,0.0971520038794947,0.0906867176091225,NA,NA,NA,NA,NA,NA,NA,NA,NA,NA,NA,NA,NA,NA,NA,NA,NA
"ITA",3.1668266290444,-1.04595209787318,3.19403292800459,-0.959394242554296,0.0272062989601851,0.0865578553188878,0.090732822178727,0.113764154279073,0.0865578553188878,NA,NA,NA,NA,NA,NA,NA,NA,NA,NA,NA,NA,NA,NA,NA,NA,NA
"JAM",-0.417617702924123,-3.51637891079181,-0.32780872647441,-3.52796814739587,0.0898089764497132,-0.0115892366040584,0.0905536451834491,0.101398213053772,0.0898089764497132,NA,NA,NA,NA,NA,NA,NA,NA,NA,NA,NA,NA,NA,NA,NA,NA,NA
"FJI",-4.93585456280713,0.765044394130896,-4.96214599430531,0.678862230088639,-0.0262914314981808,-0.0861821640422576,0.0901033005457078,0.112473595540438,0.0861821640422576,NA,NA,NA,NA,NA,NA,NA,NA,NA,NA,NA,NA,NA,NA,NA,NA,NA
"KIR",0.286599038685476,-3.55428404450565,0.376217062473362,-3.54987931425732,0.0896180237878866,0.00440473024832722,0.0897262048467823,0.0940227540362138,0.0896180237878866,NA,NA,NA,NA,NA,NA,NA,NA,NA,NA,NA,NA,NA,NA,NA,NA,NA
"GIB",-3.64658548767155,-0.518837586176822,-3.63622399242635,-0.607641120926323,0.0103614952452014,-0.0888035347495008,0.0894059750113051,0.0991650299947021,0.0888035347495008,NA,NA,NA,NA,NA,NA,NA,NA,NA,NA,NA,NA,NA,NA,NA,NA,NA
"BGD",-0.157732829785806,-3.53882209705661,-0.0688747775069664,-3.54407100848426,0.0888580522788398,-0.00524891142764261,0.0890129458335374,0.0941069637064825,0.0888580522788398,NA,NA,NA,NA,NA,NA,NA,NA,NA,NA,NA,NA,NA,NA,NA,NA,NA
"REU",0.0862954103476668,-3.46303343139694,0.174953865250244,-3.46251379844111,0.0886584549025774,0.00051963295583235,0.0886599776907322,0.0891780878584097,0.0886584549025774,NA,NA,NA,NA,NA,NA,NA,NA,NA,NA,NA,NA,NA,NA,NA,NA,NA
"PER",-3.52621963519756,-0.624763717008752,-3.51324688795886,-0.710440419215806,0.0129727472387002,-0.0856767022070538,0.0866532715596785,0.098649449445754,0.0856767022070538,NA,NA,NA,NA,NA,NA,NA,NA,NA,NA,NA,NA,NA,NA,NA,NA,NA
"KOR",2.67012335785736,-1.98624806487499,2.72204228212469,-1.91786478298688,0.0519189242673299,0.0683832818881156,0.085859466215824,0.120302206155446,0.0683832818881156,NA,NA,NA,NA,NA,NA,NA,NA,NA,NA,NA,NA,NA,NA,NA,NA,NA
"PNG",2.67281733181349,-1.85160017457799,2.72070070337385,-1.78050146407741,0.0478833715603608,0.0710987105005836,0.0857195654843943,0.118982082060944,0.0710987105005836,NA,NA,NA,NA,NA,NA,NA,NA,NA,NA,NA,NA,NA,NA,NA,NA,NA
"MDV",-3.34341078646343,0.502912108712742,-3.35517398841681,0.418083489489394,-0.0117632019533782,-0.0848286192233482,0.0856403383898952,0.0965918211767264,0.0848286192233482,NA,NA,NA,NA,NA,NA,NA,NA,NA,NA,NA,NA,NA,NA,NA,NA,NA
"TON",-0.340107652283193,-3.42555722686115,-0.255873114307926,-3.43558665879251,0.0842345379752666,-0.0100294319313639,0.0848295166364426,0.0942639699066305,0.0842345379752666,NA,NA,NA,NA,NA,NA,NA,NA,NA,NA,NA,NA,NA,NA,NA,NA,NA
"TTO",0.0230670785277097,-3.26985505066834,0.107459952473191,-3.27214630970882,0.0843928739454814,-0.00229125904047711,0.0844239719556506,0.0866841329859585,0.0843928739454814,NA,NA,NA,NA,NA,NA,NA,NA,NA,NA,NA,NA,NA,NA,NA,NA,NA
"MSR",2.65928682372904,-1.79609535808898,2.70747409360647,-1.72683759032086,0.0481872698774377,0.0692577677681194,0.0843721006877497,0.117445037645557,0.0692577677681194,NA,NA,NA,NA,NA,NA,NA,NA,NA,NA,NA,NA,NA,NA,NA,NA,NA
"HND",-3.58289226746664,-0.603838487624551,-3.57123879758185,-0.6869719002872,0.011653469884791,-0.0831334126626493,0.0839462188624006,0.0947868825474403,0.0831334126626493,NA,NA,NA,NA,NA,NA,NA,NA,NA,NA,NA,NA,NA,NA,NA,NA,NA
"MUS",1.44207819215189,3.23961287776144,1.36289392715272,3.26557678310279,-0.0791842649991712,0.0259639053413423,0.0833322998844575,0.105148170340513,0.0791842649991712,NA,NA,NA,NA,NA,NA,NA,NA,NA,NA,NA,NA,NA,NA,NA,NA,NA
"CUB",-3.45799989103433,0.0699286153021259,-3.46026193269428,-0.0129842199572716,-0.00226204165994126,-0.0829128352593975,0.0829436862167537,0.0851748769193388,0.0829128352593975,NA,NA,NA,NA,NA,NA,NA,NA,NA,NA,NA,NA,NA,NA,NA,NA,NA
"ECU",0.324134957775771,-3.33397132541847,0.406529350972702,-3.32892815603679,0.082394393196931,0.00504316938167904,0.082548589253256,0.0874375625786101,0.082394393196931,NA,NA,NA,NA,NA,NA,NA,NA,NA,NA,NA,NA,NA,NA,NA,NA,NA
"VNM",-2.93998201192568,0.948111325316963,-2.96258048624256,0.868783726029757,-0.0225984743168812,-0.0793275992872065,0.0824836896005649,0.101926073604088,0.0793275992872065,NA,NA,NA,NA,NA,NA,NA,NA,NA,NA,NA,NA,NA,NA,NA,NA,NA
"BGR",2.35472355054902,-2.05921335138469,2.41016506833213,-1.99853957080041,0.0554415177831085,0.060673780584283,0.0821892301003267,0.116115298367391,0.060673780584283,NA,NA,NA,NA,NA,NA,NA,NA,NA,NA,NA,NA,NA,NA,NA,NA,NA
"AIA",1.01476748646031,3.40500431570627,0.933541890258395,3.41589220056869,-0.0812255962019163,0.0108878848624201,0.0819520806028381,0.0921134810643364,0.0812255962019163,NA,NA,NA,NA,NA,NA,NA,NA,NA,NA,NA,NA,NA,NA,NA,NA,NA
"JPN",-0.428202460924555,-3.28345869287136,-0.347102051015974,-3.29488308172935,0.0811004099085805,-0.0114243888579901,0.0819011181127483,0.0925247987665706,0.0811004099085805,NA,NA,NA,NA,NA,NA,NA,NA,NA,NA,NA,NA,NA,NA,NA,NA,NA
"DOM",0.91268826367662,2.84080657463907,0.832250744136985,2.85509255684063,-0.0804375195396351,0.0142859822015646,0.0816962902288261,0.0947235017411997,0.0804375195396351,NA,NA,NA,NA,NA,NA,NA,NA,NA,NA,NA,NA,NA,NA,NA,NA,NA
"OMN",1.46120935040638,2.69004513709351,1.38627710198671,2.72206747869102,-0.0749322484196688,0.0320223415975045,0.081487865443968,0.106954590017173,0.0749322484196688,NA,NA,NA,NA,NA,NA,NA,NA,NA,NA,NA,NA,NA,NA,NA,NA,NA
"BWA",2.67925131015643,-1.68407323948075,2.72338742060632,-1.61571312570136,0.0441361104498874,0.0683601137793954,0.0813701505564329,0.112496224229283,0.0683601137793954,NA,NA,NA,NA,NA,NA,NA,NA,NA,NA,NA,NA,NA,NA,NA,NA,NA
"TUV",1.02222349647282,3.13715119274063,0.944194796085054,3.15118942399552,-0.078028700387765,0.0140382312548901,0.0792814607646035,0.0920669316426551,0.078028700387765,NA,NA,NA,NA,NA,NA,NA,NA,NA,NA,NA,NA,NA,NA,NA,NA,NA
"LKA",0.284395968922135,-2.9398304887653,0.362639814813154,-2.93452184626226,0.0782438458910192,0.00530864250303598,0.0784237279466017,0.0835524883940552,0.0782438458910192,NA,NA,NA,NA,NA,NA,NA,NA,NA,NA,NA,NA,NA,NA,NA,NA,NA
"EGY",0.8380366110704,2.98854786334716,0.761308705220491,2.99828473871109,-0.0767279058499093,0.00973687536393353,0.0773432497246225,0.0864647812138428,0.0767279058499093,NA,NA,NA,NA,NA,NA,NA,NA,NA,NA,NA,NA,NA,NA,NA,NA,NA
"FSM",0.625723678082402,-2.64004530851822,0.701728271220505,-2.62608943954012,0.0760045931381035,0.0139558689781056,0.0772752512582308,0.0899604621162091,0.0760045931381035,NA,NA,NA,NA,NA,NA,NA,NA,NA,NA,NA,NA,NA,NA,NA,NA,NA
"UGA",-0.0619034640652719,-3.07593887193763,0.0142215755707581,-3.08036564643543,0.07612503963603,-0.00442677449779882,0.0762536424837627,0.0805518141338288,0.07612503963603,NA,NA,NA,NA,NA,NA,NA,NA,NA,NA,NA,NA,NA,NA,NA,NA,NA
"HTI",1.0326620062017,2.78122369586469,0.958521189769595,2.79728496816938,-0.0741408164321055,0.0160612723046936,0.075860563728888,0.090202088736799,0.0741408164321055,NA,NA,NA,NA,NA,NA,NA,NA,NA,NA,NA,NA,NA,NA,NA,NA,NA
"BTN",-0.82095262674177,-2.95679573874309,-0.748374707168534,-2.9785870749724,0.0725779195732359,-0.021791336229303,0.0757787354357252,0.0943692558025389,0.0725779195732359,NA,NA,NA,NA,NA,NA,NA,NA,NA,NA,NA,NA,NA,NA,NA,NA,NA
"AUS",-0.629278584957979,-2.99790415239656,-0.556807849069515,-3.01554927176063,0.0724707358884639,-0.017645119364071,0.0745879199172882,0.0901158552525348,0.0724707358884639,NA,NA,NA,NA,NA,NA,NA,NA,NA,NA,NA,NA,NA,NA,NA,NA,NA
"PLW",0.516914093324849,3.01608553338911,0.442537001873178,3.01552457346646,-0.0743770914516715,-0.000560959922654369,0.0743792068312451,0.0749380513743259,0.0743770914516715,NA,NA,NA,NA,NA,NA,NA,NA,NA,NA,NA,NA,NA,NA,NA,NA,NA
"SMR",-0.605701863739897,-2.98947149889793,-0.53402594182434,-3.00654663940832,0.0716759219155572,-0.0170751405103902,0.0736817359044602,0.0887510624259473,0.0716759219155572,NA,NA,NA,NA,NA,NA,NA,NA,NA,NA,NA,NA,NA,NA,NA,NA,NA
"KGZ",-0.183707773243059,-2.87849905295672,-0.110349722078066,-2.88449870514109,0.0733580511649936,-0.00599965218436926,0.0736029856531597,0.0793577033493629,0.0733580511649936,NA,NA,NA,NA,NA,NA,NA,NA,NA,NA,NA,NA,NA,NA,NA,NA,NA
"NLD",0.761511629852245,2.88711687307258,0.688754588150796,2.89421944953984,-0.0727570417014491,0.00710257646726387,0.0731028980931655,0.079859618168713,0.0727570417014491,NA,NA,NA,NA,NA,NA,NA,NA,NA,NA,NA,NA,NA,NA,NA,NA,NA
"LTU",-0.613046133437062,-2.89216777561268,-0.542036542420845,-2.90953293423951,0.0710095910162166,-0.017365158626836,0.0731020570875097,0.0883747496430526,0.0710095910162166,NA,NA,NA,NA,NA,NA,NA,NA,NA,NA,NA,NA,NA,NA,NA,NA,NA
"QAT",-4.52576932924416,0.104863336766418,-4.5977060691211,0.110350350269274,-0.0719367398769437,0.00548701350285634,0.072145698841328,0.0774237533798,0.0719367398769437,NA,NA,NA,NA,NA,NA,NA,NA,NA,NA,NA,NA,NA,NA,NA,NA,NA
"MNG",-0.301186081936518,-2.81940260586586,-0.23054757516653,-2.83002434245605,0.0706385067699875,-0.0106217365901893,0.0714326250874552,0.0812602433601768,0.0706385067699875,NA,NA,NA,NA,NA,NA,NA,NA,NA,NA,NA,NA,NA,NA,NA,NA,NA
"KEN",1.60053708551268,-3.53951892589476,1.66485159552667,-3.50941514341043,0.0643145100139875,0.0301037824843262,0.0710112238889242,0.0944182924983137,0.0643145100139875,NA,NA,NA,NA,NA,NA,NA,NA,NA,NA,NA,NA,NA,NA,NA,NA,NA
"ARE",0.843282149355011,2.66128722656521,0.775811303736058,2.67053843005128,-0.067470845618953,0.00925120348606923,0.0681021275326788,0.0767220491050222,0.067470845618953,NA,NA,NA,NA,NA,NA,NA,NA,NA,NA,NA,NA,NA,NA,NA,NA,NA
"ATG",-0.37220605224142,-2.74617674882525,-0.305326414319813,-2.75736792898435,0.0668796379216073,-0.0111911801590976,0.0678095014129928,0.0780708180807049,0.0668796379216073,NA,NA,NA,NA,NA,NA,NA,NA,NA,NA,NA,NA,NA,NA,NA,NA,NA
"VAT",1.87892747471413,1.78152816945099,1.83304643825012,1.8313919390033,-0.0458810364640136,0.0498637695523119,0.0677603499177669,0.0957448060163255,0.0498637695523119,NA,NA,NA,NA,NA,NA,NA,NA,NA,NA,NA,NA,NA,NA,NA,NA,NA
"NOR",1.09626339842562,-2.11690933950449,1.15759089225921,-2.09013846036413,0.0613274938335868,0.0267708791403605,0.0669159283717742,0.0880983729739473,0.0613274938335868,NA,NA,NA,NA,NA,NA,NA,NA,NA,NA,NA,NA,NA,NA,NA,NA,NA
"PRT",-0.746834678840443,-2.63973788924917,-0.684019136084943,-2.661081156927,0.0628155427554993,-0.0213432676778296,0.0663425013610087,0.0841588104333288,0.0628155427554993,NA,NA,NA,NA,NA,NA,NA,NA,NA,NA,NA,NA,NA,NA,NA,NA,NA
"CHN",1.80040677255903,1.1667598059628,1.74579132644277,1.20435582239799,-0.0546154461162656,0.0375960164351934,0.0663046559924266,0.092211462551459,0.0546154461162656,NA,NA,NA,NA,NA,NA,NA,NA,NA,NA,NA,NA,NA,NA,NA,NA,NA
"SDN",1.83384280082983,2.09515863242965,1.78243575684302,2.13563281979422,-0.0514070439868113,0.0404741873645746,0.0654281591845945,0.0918812313513859,0.0514070439868113,NA,NA,NA,NA,NA,NA,NA,NA,NA,NA,NA,NA,NA,NA,NA,NA,NA
"AZE",1.43705071557583,-2.32234674425012,1.49314046008049,-2.28976594617003,0.0560897445046662,0.0325807980800819,0.0648657678759282,0.088670542584748,0.0560897445046662,NA,NA,NA,NA,NA,NA,NA,NA,NA,NA,NA,NA,NA,NA,NA,NA,NA
"PRK",-0.0511702291865078,-2.55427051620704,0.0129189879088958,-2.55868374452392,0.0640892170954036,-0.00441322831687918,0.0642409863878091,0.0685024454122828,0.0640892170954036,NA,NA,NA,NA,NA,NA,NA,NA,NA,NA,NA,NA,NA,NA,NA,NA,NA
"BMU",0.828740330056934,2.36560510088711,0.76647681342661,2.37667287922994,-0.0622635166303238,0.011067778342829,0.0632395542411599,0.0733312949731528,0.0622635166303238,NA,NA,NA,NA,NA,NA,NA,NA,NA,NA,NA,NA,NA,NA,NA,NA,NA
"MNP",1.0564321729053,-2.31940537776151,1.11420674447863,-2.29653269988704,0.0577745715733378,0.0228726778744726,0.062137432467331,0.0806472494478103,0.0577745715733378,NA,NA,NA,NA,NA,NA,NA,NA,NA,NA,NA,NA,NA,NA,NA,NA,NA
"DMA",0.564855164947899,2.38028800577271,0.503460383109412,2.38453110724677,-0.0613947818384868,0.00424310147405604,0.0615412312772057,0.0656378833125428,0.0613947818384868,NA,NA,NA,NA,NA,NA,NA,NA,NA,NA,NA,NA,NA,NA,NA,NA,NA
"IRL",-0.22739287219628,-2.58654081193166,-0.166801038684136,-2.59297681743988,0.0605918335121444,-0.00643600550822487,0.0609326879044846,0.0670278390203692,0.0605918335121444,NA,NA,NA,NA,NA,NA,NA,NA,NA,NA,NA,NA,NA,NA,NA,NA,NA
"MTQ",2.2352213442183,1.42002596822672,2.20905455545354,1.47473590429909,-0.0261667887647623,0.05470993607237,0.0606455104628735,0.0808767248371323,0.05470993607237,NA,NA,NA,NA,NA,NA,NA,NA,NA,NA,NA,NA,NA,NA,NA,NA,NA
"POL",0.356223838475599,-2.40816056021679,0.416509562603828,-2.40208750404044,0.0602857241282293,0.00607305617634779,0.0605908453892669,0.0663587803045771,0.0602857241282293,NA,NA,NA,NA,NA,NA,NA,NA,NA,NA,NA,NA,NA,NA,NA,NA,NA
"SUR",-0.268771834361189,-2.43194142719504,-0.209006056578789,-2.44188240810415,0.0597657777823999,-0.00994098090910711,0.0605868904580062,0.069706758691507,0.0597657777823999,NA,NA,NA,NA,NA,NA,NA,NA,NA,NA,NA,NA,NA,NA,NA,NA,NA
"SGP",0.77301771521329,2.44993608001569,0.713222939669476,2.45863783520945,-0.0597947755438144,0.00870175519375893,0.0604246284704114,0.0684965307375733,0.0597947755438144,NA,NA,NA,NA,NA,NA,NA,NA,NA,NA,NA,NA,NA,NA,NA,NA,NA
"GMB",-0.40357540424891,-2.45772726145748,-0.344546415314256,-2.46881007671437,0.059028988934654,-0.0110828152568883,0.0600603890152721,0.0701118041915423,0.059028988934654,NA,NA,NA,NA,NA,NA,NA,NA,NA,NA,NA,NA,NA,NA,NA,NA,NA
"TWN",0.862236705685235,2.19447300954392,0.806538738290827,2.20395265631402,-0.0556979673944077,0.0094796467700986,0.0564989139254406,0.0651776141645063,0.0556979673944077,NA,NA,NA,NA,NA,NA,NA,NA,NA,NA,NA,NA,NA,NA,NA,NA,NA
"NPL",2.2833721827202,0.154772531760552,2.2808869164197,0.210541957586894,-0.00248526630049462,0.0557694258263415,0.0558247741203149,0.0582546921268361,0.0557694258263415,NA,NA,NA,NA,NA,NA,NA,NA,NA,NA,NA,NA,NA,NA,NA,NA,NA
"MNE",1.42544721386783,2.12065842123465,1.3787081460961,2.14936375609471,-0.0467390677717323,0.0287053348600583,0.0548501294948213,0.0754444026317906,0.0467390677717323,NA,NA,NA,NA,NA,NA,NA,NA,NA,NA,NA,NA,NA,NA,NA,NA,NA
"VCT",1.17324676776164,-1.90878966918369,1.22160509022494,-1.88452619735139,0.0483583224632986,0.0242634718322989,0.0541040055524648,0.0726217942955976,0.0483583224632986,NA,NA,NA,NA,NA,NA,NA,NA,NA,NA,NA,NA,NA,NA,NA,NA,NA
"MDA",-0.516584312468219,-2.14643239533051,-0.464778026657352,-2.16059399526045,0.0518062858108675,-0.0141615999299374,0.0537070029148238,0.0659678857408049,0.0518062858108675,NA,NA,NA,NA,NA,NA,NA,NA,NA,NA,NA,NA,NA,NA,NA,NA,NA
"LBN",-0.148231623902336,-2.10065851444872,-0.0970356463384838,-2.11264018816071,0.0511959775638517,-0.0119816737119844,0.0525793554891924,0.0631776512758362,0.0511959775638517,NA,NA,NA,NA,NA,NA,NA,NA,NA,NA,NA,NA,NA,NA,NA,NA,NA
"NZL",0.888562610468174,1.87982611436636,0.840063455126582,1.89881731736588,-0.0484991553415915,0.0189912029995196,0.0520848717020287,0.0674903583411112,0.0484991553415915,NA,NA,NA,NA,NA,NA,NA,NA,NA,NA,NA,NA,NA,NA,NA,NA,NA
"BHR",0.765976319205684,2.00325916742774,0.714553433251097,2.01047636712019,-0.051422885954587,0.00721719969245438,0.0519268829345574,0.0586400856470414,0.051422885954587,NA,NA,NA,NA,NA,NA,NA,NA,NA,NA,NA,NA,NA,NA,NA,NA,NA
"MKD",0.08289595124694,-2.04135863373984,0.134299043978609,-2.04152438831589,0.0514030927316693,-0.000165754576048283,0.0514033599773407,0.0515688473077175,0.0514030927316693,NA,NA,NA,NA,NA,NA,NA,NA,NA,NA,NA,NA,NA,NA,NA,NA,NA
"CIV",1.48691147035173,2.69130296352715,1.443141355842,2.71614397612894,-0.0437701145097336,0.0248410126017995,0.0503279130431409,0.068611127111533,0.0437701145097336,NA,NA,NA,NA,NA,NA,NA,NA,NA,NA,NA,NA,NA,NA,NA,NA,NA
"ISR",0.574577063422448,1.96790552843579,0.525052835574433,1.96901448807725,-0.0495242278480155,0.00110895964146374,0.0495366423511782,0.0506331874894792,0.0495242278480155,NA,NA,NA,NA,NA,NA,NA,NA,NA,NA,NA,NA,NA,NA,NA,NA,NA
"TJK",-0.0232952121501275,-1.99149287263226,0.0258807329391721,-1.99590227235337,0.0491759450892997,-0.00440939972111387,0.0493732354755729,0.0535853448104135,0.0491759450892997,NA,NA,NA,NA,NA,NA,NA,NA,NA,NA,NA,NA,NA,NA,NA,NA,NA
"BHS",0.74446345295501,-1.5419615192203,0.790646609906783,-1.52934060424593,0.0461831569517723,0.0126209149743683,0.0478766277093769,0.0588040719261407,0.0461831569517723,NA,NA,NA,NA,NA,NA,NA,NA,NA,NA,NA,NA,NA,NA,NA,NA,NA
"USA",-0.09356729449601,-1.88050913961223,-0.046274357417796,-1.88753329917959,0.0472929370782139,-0.00702415956736524,0.0478117215242425,0.0543170966455792,0.0472929370782139,NA,NA,NA,NA,NA,NA,NA,NA,NA,NA,NA,NA,NA,NA,NA,NA,NA
"ALB",-0.350562743235579,-1.84556244941248,-0.305519929676782,-1.85851380630811,0.0450428135587972,-0.0129513568956252,0.0468678215701394,0.0579941704544224,0.0450428135587972,NA,NA,NA,NA,NA,NA,NA,NA,NA,NA,NA,NA,NA,NA,NA,NA,NA
"TUR",1.11955791558026,1.49417312921482,1.08102840727239,1.51729690126501,-0.0385295083078747,0.0231237720501838,0.0449358636756372,0.0616532803580585,0.0385295083078747,NA,NA,NA,NA,NA,NA,NA,NA,NA,NA,NA,NA,NA,NA,NA,NA,NA
"IRN",-2.7742944303476,-0.385922242295897,-2.77926083993341,-0.42974092701848,-0.00496640958580175,-0.0438186847225834,0.0440992330431166,0.0487850943083852,0.0438186847225834,NA,NA,NA,NA,NA,NA,NA,NA,NA,NA,NA,NA,NA,NA,NA,NA,NA
"KAZ",0.860127770815827,-1.28868262892063,0.896912927230307,-1.26521486866829,0.0367851564144797,0.0234677602523419,0.0436335135383243,0.0602529166668215,0.0367851564144797,NA,NA,NA,NA,NA,NA,NA,NA,NA,NA,NA,NA,NA,NA,NA,NA,NA
"VGB",1.00398792012572,1.46970282291432,0.967327075556145,1.48144777973232,-0.0366608445695785,0.011744956818001,0.0384962535217585,0.0484058013875796,0.0366608445695785,NA,NA,NA,NA,NA,NA,NA,NA,NA,NA,NA,NA,NA,NA,NA,NA,NA
"WSM",0.903411273186931,1.50654367988417,0.866212618113004,1.51565345259036,-0.0371986550739277,0.00910977270618529,0.0382978837283133,0.046308427780113,0.0371986550739277,NA,NA,NA,NA,NA,NA,NA,NA,NA,NA,NA,NA,NA,NA,NA,NA,NA
"MAR",0.702883065937164,1.51047098206979,0.665483314370457,1.51798131230908,-0.0373997515667069,0.00751033023929137,0.0381463822341597,0.0449100818059983,0.0373997515667069,NA,NA,NA,NA,NA,NA,NA,NA,NA,NA,NA,NA,NA,NA,NA,NA,NA
"EST",0.167383352003947,-1.41423009614794,0.20387212901266,-1.41978741188267,0.0364887770087126,-0.00555731573473528,0.0369095462687784,0.0420460927434479,0.0364887770087126,NA,NA,NA,NA,NA,NA,NA,NA,NA,NA,NA,NA,NA,NA,NA,NA,NA
"BLR",0.338548497115118,1.41792907849541,0.302708274398877,1.4117895118573,-0.0358402227162415,-0.0061395666381121,0.0363622859959823,0.0419797893543536,0.0358402227162415,NA,NA,NA,NA,NA,NA,NA,NA,NA,NA,NA,NA,NA,NA,NA,NA,NA
"AGO",0.315425173295417,1.39602980670228,0.279952794281292,1.38976628570774,-0.035472379014125,-0.00626352099454519,0.0360211239159864,0.0417359000086702,0.035472379014125,NA,NA,NA,NA,NA,NA,NA,NA,NA,NA,NA,NA,NA,NA,NA,NA,NA
"KNA",0.368907526513544,1.39419787596311,0.333433842323641,1.38978240447043,-0.0354736841899033,-0.00441547149267141,0.0357474286978461,0.0398891556825747,0.0354736841899033,NA,NA,NA,NA,NA,NA,NA,NA,NA,NA,NA,NA,NA,NA,NA,NA,NA
"GIN",0.535610892165139,1.39381772025352,0.499917146036112,1.39531443955835,-0.0356937461290272,0.00149671930483053,0.0357251127556079,0.0371904654338577,0.0356937461290272,NA,NA,NA,NA,NA,NA,NA,NA,NA,NA,NA,NA,NA,NA,NA,NA,NA
"SOM",0.341303863019856,1.36021616903458,0.30670084958058,1.35495322416964,-0.0346030134392762,-0.00526294486493839,0.035000958954436,0.0398659583042146,0.0346030134392762,NA,NA,NA,NA,NA,NA,NA,NA,NA,NA,NA,NA,NA,NA,NA,NA,NA
"MCO",0.104096115999571,1.25043837860479,0.0712599751502704,1.23944068323978,-0.032836140849301,-0.0109976953650137,0.0346289105981805,0.0438338362143147,0.032836140849301,NA,NA,NA,NA,NA,NA,NA,NA,NA,NA,NA,NA,NA,NA,NA,NA,NA
"SLB",0.866202029684611,-1.0589927289043,0.896937775564747,-1.04362447461158,0.0307357458801358,0.0153682542927196,0.0343637791113547,0.0461040001728554,0.0307357458801358,NA,NA,NA,NA,NA,NA,NA,NA,NA,NA,NA,NA,NA,NA,NA,NA,NA
"AUT",0.32727512389217,1.29442725086757,0.29430680485067,1.28918493731685,-0.0329683190415007,-0.00524231355072091,0.0333825090696648,0.0382106325922216,0.0329683190415007,NA,NA,NA,NA,NA,NA,NA,NA,NA,NA,NA,NA,NA,NA,NA,NA,NA
"DJI",0.32727512389217,1.29442725086757,0.29430680485067,1.28918493731685,-0.0329683190415007,-0.00524231355072091,0.0333825090696648,0.0382106325922216,0.0329683190415007,NA,NA,NA,NA,NA,NA,NA,NA,NA,NA,NA,NA,NA,NA,NA,NA,NA
"GNB",0.32727512389217,1.29442725086757,0.29430680485067,1.28918493731685,-0.0329683190415007,-0.00524231355072091,0.0333825090696648,0.0382106325922216,0.0329683190415007,NA,NA,NA,NA,NA,NA,NA,NA,NA,NA,NA,NA,NA,NA,NA,NA,NA
"GRL",0.32727512389217,1.29442725086757,0.29430680485067,1.28918493731685,-0.0329683190415007,-0.00524231355072091,0.0333825090696648,0.0382106325922216,0.0329683190415007,NA,NA,NA,NA,NA,NA,NA,NA,NA,NA,NA,NA,NA,NA,NA,NA,NA
"RWA",0.32727512389217,1.29442725086757,0.29430680485067,1.28918493731685,-0.0329683190415007,-0.00524231355072091,0.0333825090696648,0.0382106325922216,0.0329683190415007,NA,NA,NA,NA,NA,NA,NA,NA,NA,NA,NA,NA,NA,NA,NA,NA,NA
"KHM",0.829775542281138,1.23879467485684,0.799590362750532,1.25151160507851,-0.0301851795306067,0.0127169302216701,0.0327546237584526,0.0429021097522768,0.0301851795306067,NA,NA,NA,NA,NA,NA,NA,NA,NA,NA,NA,NA,NA,NA,NA,NA,NA
"SVN",0.626053039182906,-0.978828861230947,0.654579564813702,-0.969336543013258,0.0285265256307957,0.0094923182176887,0.0300643770883468,0.0380188438484844,0.0285265256307957,NA,NA,NA,NA,NA,NA,NA,NA,NA,NA,NA,NA,NA,NA,NA,NA,NA
"BEL",0.681706896852432,1.08119938282021,0.65326186961974,1.08785273674895,-0.0284450272326915,0.00665335392874544,0.0292127830370493,0.0350983811614369,0.0284450272326915,NA,NA,NA,NA,NA,NA,NA,NA,NA,NA,NA,NA,NA,NA,NA,NA,NA
"COK",0.705929090019806,1.03002313925217,0.678605537468352,1.03837801132413,-0.0273235525514535,0.00835487207196528,0.0285723714691473,0.0356784246234187,0.0273235525514535,NA,NA,NA,NA,NA,NA,NA,NA,NA,NA,NA,NA,NA,NA,NA,NA,NA
"LUX",0.624953307290125,1.05173181179225,0.598896899911929,1.06003976061776,-0.0260564073781959,0.00830794882550978,0.0273488277471959,0.0343643562037057,0.0260564073781959,NA,NA,NA,NA,NA,NA,NA,NA,NA,NA,NA,NA,NA,NA,NA,NA,NA
"IDN",-0.682740825350432,-0.796305166941326,-0.663003845314101,-0.814674360925635,0.0197369800363316,-0.0183691939843096,0.0269624863205853,0.0381061740206412,0.0197369800363316,NA,NA,NA,NA,NA,NA,NA,NA,NA,NA,NA,NA,NA,NA,NA,NA,NA
"BOL",0.823908373460596,0.940551839628882,0.799756304351583,0.950976595696286,-0.0241520691090131,0.0104247560674041,0.0263058545063913,0.0345768251764172,0.0241520691090131,NA,NA,NA,NA,NA,NA,NA,NA,NA,NA,NA,NA,NA,NA,NA,NA,NA
"LIE",0.620900229010101,0.557016174808522,0.605931930833854,0.577881876735072,-0.0149682981762465,0.0208657019265497,0.0256793198348524,0.0358340001027961,0.0208657019265497,NA,NA,NA,NA,NA,NA,NA,NA,NA,NA,NA,NA,NA,NA,NA,NA,NA
"PYF",0.34870626545456,0.952520699194741,0.323768279359472,0.951110075274452,-0.0249379860950885,-0.00141062392028868,0.0249778503943658,0.0263486100153772,0.0249379860950885,NA,NA,NA,NA,NA,NA,NA,NA,NA,NA,NA,NA,NA,NA,NA,NA,NA
"LAO",0.881138893999293,0.799884607040533,0.860711764824892,0.813232488679768,-0.0204271291744015,0.0133478816392352,0.0244015071371158,0.0337750108136367,0.0204271291744015,NA,NA,NA,NA,NA,NA,NA,NA,NA,NA,NA,NA,NA,NA,NA,NA,NA
"MYS",0.851493651865649,0.622875732547739,0.833795402060413,0.637883663062908,-0.0176982498052354,0.0150079305151691,0.023204870706743,0.0327061803204045,0.0176982498052354,NA,NA,NA,NA,NA,NA,NA,NA,NA,NA,NA,NA,NA,NA,NA,NA,NA
"ZAF",0.948127317227496,0.803533838247909,0.928552631980288,0.815901665746569,-0.0195746852472074,0.0123678274986598,0.0231545127256836,0.0319425127458672,0.0195746852472074,NA,NA,NA,NA,NA,NA,NA,NA,NA,NA,NA,NA,NA,NA,NA,NA,NA
"DEU",0.804675560876997,0.763561419440804,0.78465984822026,0.772134624769515,-0.020015712656737,0.00857320532871131,0.0217744943170973,0.0285889179854483,0.020015712656737,NA,NA,NA,NA,NA,NA,NA,NA,NA,NA,NA,NA,NA,NA,NA,NA,NA
"TKL",0.602360318002074,0.834131137965174,0.581268293237569,0.835368227077846,-0.0210920247645049,0.00123708911267195,0.021128272483551,0.0223291138771768,0.0210920247645049,NA,NA,NA,NA,NA,NA,NA,NA,NA,NA,NA,NA,NA,NA,NA,NA,NA
"CYP",0.830775908136533,0.690915467708043,0.813925879644005,0.702388359124538,-0.0168500284925279,0.0114728914164948,0.0203850606487614,0.0283229199090227,0.0168500284925279,NA,NA,NA,NA,NA,NA,NA,NA,NA,NA,NA,NA,NA,NA,NA,NA,NA
"URY",0.996911108235201,0.686911644258815,0.981614447582452,0.699547141255498,-0.0152966606527493,0.0126354969966832,0.019840453913118,0.0279321576494325,0.0152966606527493,NA,NA,NA,NA,NA,NA,NA,NA,NA,NA,NA,NA,NA,NA,NA,NA,NA
"GTM",0.561808045754597,0.708494120059621,0.542216219709331,0.70920937890289,-0.0195918260452655,0.000715258843268174,0.0196048780409575,0.0203070848885337,0.0195918260452655,NA,NA,NA,NA,NA,NA,NA,NA,NA,NA,NA,NA,NA,NA,NA,NA,NA
"LVA",0.676529368997029,0.657168646845302,0.659385643284242,0.664622983246355,-0.017143725712787,0.00745433640105342,0.0186942360768057,0.0245980621138404,0.017143725712787,NA,NA,NA,NA,NA,NA,NA,NA,NA,NA,NA,NA,NA,NA,NA,NA,NA
"BRN",0.884448516847028,0.637533909231109,0.869178162540932,0.64823478553236,-0.0152703543060955,0.0107008763012514,0.0186465137290694,0.0259712306073469,0.0152703543060955,NA,NA,NA,NA,NA,NA,NA,NA,NA,NA,NA,NA,NA,NA,NA,NA,NA
"MAC",0.622460459311099,0.701291770817651,0.604870520966046,0.70362478737002,-0.0175899383450535,0.00233301655236928,0.0177439820000025,0.0199229548974228,0.0175899383450535,NA,NA,NA,NA,NA,NA,NA,NA,NA,NA,NA,NA,NA,NA,NA,NA,NA
"ROU",0.97822729132154,0.421097322693083,0.967539572665685,0.43515378407268,-0.010687718655855,0.0140564613795976,0.0176581832752645,0.0247441800354526,0.0140564613795976,NA,NA,NA,NA,NA,NA,NA,NA,NA,NA,NA,NA,NA,NA,NA,NA,NA
"COM",0.73063820740749,0.471391933551867,0.717674770959976,0.482361704347398,-0.0129634364475141,0.0109697707955307,0.0169819479399513,0.0239332072430448,0.0129634364475141,NA,NA,NA,NA,NA,NA,NA,NA,NA,NA,NA,NA,NA,NA,NA,NA,NA
"BFA",0.235816069751418,0.621357311538819,0.218945989365883,0.621685593691437,-0.0168700803855349,0.000328282152618153,0.0168732741750419,0.017198362538153,0.0168700803855349,NA,NA,NA,NA,NA,NA,NA,NA,NA,NA,NA,NA,NA,NA,NA,NA,NA
"NCL",0.570975128665354,0.623712102123042,0.554745984970586,0.627856418857026,-0.0162291436947684,0.00414431673398441,0.0167499392911444,0.0203734604287528,0.0162291436947684,NA,NA,NA,NA,NA,NA,NA,NA,NA,NA,NA,NA,NA,NA,NA,NA,NA
"SWE",0.570975128665354,0.623712102123042,0.554745984970586,0.627856418857026,-0.0162291436947684,0.00414431673398441,0.0167499392911444,0.0203734604287528,0.0162291436947684,NA,NA,NA,NA,NA,NA,NA,NA,NA,NA,NA,NA,NA,NA,NA,NA,NA
"STP",0.499354178085698,0.651220526627288,0.48304843386325,0.652039562813116,-0.0163057442224478,0.000819036185828237,0.016326301323986,0.017124780408276,0.0163057442224478,NA,NA,NA,NA,NA,NA,NA,NA,NA,NA,NA,NA,NA,NA,NA,NA,NA
"PAK",0.702609124598913,0.254805205906038,0.696519306198795,0.268014544406731,-0.00608981840011746,0.0132093385006932,0.0145455323646921,0.0192991569008107,0.0132093385006932,NA,NA,NA,NA,NA,NA,NA,NA,NA,NA,NA,NA,NA,NA,NA,NA,NA
"GAB",0.695272985624421,0.342705544457621,0.685120709065468,0.350669603933427,-0.0101522765589529,0.00796405947580614,0.0129032927062685,0.018116336034759,0.0101522765589529,NA,NA,NA,NA,NA,NA,NA,NA,NA,NA,NA,NA,NA,NA,NA,NA,NA
"LSO",0.612306527172048,0.0765658697483267,0.609839976060601,0.0891554245599469,-0.00246655111144745,0.0125895548116202,0.0128289034893935,0.0150561059230677,0.0125895548116202,NA,NA,NA,NA,NA,NA,NA,NA,NA,NA,NA,NA,NA,NA,NA,NA,NA
"SYR",0.493392877718142,0.379675648851576,0.48350771834844,0.387603040339203,-0.00988515936970186,0.00792739148762661,0.0126712237594677,0.0178125508573285,0.00988515936970186,NA,NA,NA,NA,NA,NA,NA,NA,NA,NA,NA,NA,NA,NA,NA,NA,NA
"AFG",0.428632585909454,-0.38372376731219,0.438192112218547,-0.376570392511959,0.00955952630909285,0.00715337480023132,0.0119396530220448,0.0167129011093242,0.00955952630909285,NA,NA,NA,NA,NA,NA,NA,NA,NA,NA,NA,NA,NA,NA,NA,NA,NA
"FLK",0.459699695869555,0.356599529806375,0.450610123034012,0.363209218176876,-0.00908957283554274,0.00660968837050085,0.0112386971970852,0.0156992612060436,0.00908957283554274,NA,NA,NA,NA,NA,NA,NA,NA,NA,NA,NA,NA,NA,NA,NA,NA,NA
"SXM",0.608885588374808,0.302114804484061,0.600499808255819,0.309494243194407,-0.00838578011898927,0.00737943871034535,0.0111703815460252,0.0157652188293346,0.00838578011898927,NA,NA,NA,NA,NA,NA,NA,NA,NA,NA,NA,NA,NA,NA,NA,NA,NA
"SLV",0.484367543146186,0.335790001242331,0.4758051207468,0.34244437229105,-0.0085624223993851,0.00665437104871947,0.0108441565554693,0.0152167934481046,0.0085624223993851,NA,NA,NA,NA,NA,NA,NA,NA,NA,NA,NA,NA,NA,NA,NA,NA,NA
"SLE",0.545015636459244,0.393366862254809,0.535166121694867,0.39787816669736,-0.00984951476437723,0.00451130444255021,0.0108335039976481,0.0143608192069274,0.00984951476437723,NA,NA,NA,NA,NA,NA,NA,NA,NA,NA,NA,NA,NA,NA,NA,NA,NA
"MWI",0.492840861196987,0.230270220880712,0.487427214885252,0.238999230344458,-0.00541364631173463,0.00872900946374566,0.0102714737310047,0.0141426557754803,0.00872900946374566,NA,NA,NA,NA,NA,NA,NA,NA,NA,NA,NA,NA,NA,NA,NA,NA,NA
"BEN",0.507160251392727,-0.131322471793946,0.51096312914406,-0.121792328375725,0.00380287775133314,0.00953014341822089,0.0102608729045556,0.013333021169554,0.00953014341822089,NA,NA,NA,NA,NA,NA,NA,NA,NA,NA,NA,NA,NA,NA,NA,NA,NA
"GNQ",0.434912137662924,0.390186534840884,0.425087471631458,0.390664444955568,-0.00982466603146526,0.000477910114683955,0.00983628287045185,0.0103025761461492,0.00982466603146526,NA,NA,NA,NA,NA,NA,NA,NA,NA,NA,NA,NA,NA,NA,NA,NA,NA
"SWZ",0.250579829453678,0.337882773381706,0.242361093987227,0.340392752174743,-0.00821873546645119,0.00250997879303694,0.0085934629928218,0.0107287142594881,0.00821873546645119,NA,NA,NA,NA,NA,NA,NA,NA,NA,NA,NA,NA,NA,NA,NA,NA,NA
"CAN",0.409401302141601,0.30950623833666,0.401373783881497,0.312260469610255,-0.00802751826010462,0.00275423127359548,0.00848686274925926,0.0107817495337001,0.00802751826010462,NA,NA,NA,NA,NA,NA,NA,NA,NA,NA,NA,NA,NA,NA,NA,NA,NA
"CPV",0.409401302141601,0.30950623833666,0.401373783881497,0.312260469610255,-0.00802751826010462,0.00275423127359548,0.00848686274925926,0.0107817495337001,0.00802751826010462,NA,NA,NA,NA,NA,NA,NA,NA,NA,NA,NA,NA,NA,NA,NA,NA,NA
"SPM",0.409401302141601,0.30950623833666,0.401373783881497,0.312260469610255,-0.00802751826010462,0.00275423127359548,0.00848686274925926,0.0107817495337001,0.00802751826010462,NA,NA,NA,NA,NA,NA,NA,NA,NA,NA,NA,NA,NA,NA,NA,NA,NA
"VUT",0.469712023736627,0.0785267161817533,0.467234464365611,0.0861126984962311,-0.00247755937101574,0.00758598231447778,0.00798031503842283,0.0100635416854935,0.00758598231447778,NA,NA,NA,NA,NA,NA,NA,NA,NA,NA,NA,NA,NA,NA,NA,NA,NA
"COG",0.298422440800283,0.282192454595269,0.291443365048269,0.285707999428811,-0.00697907575201423,0.00351554483354227,0.00781450918669872,0.0104946205855565,0.00697907575201423,NA,NA,NA,NA,NA,NA,NA,NA,NA,NA,NA,NA,NA,NA,NA,NA,NA
"JOR",0.298422440800283,0.282192454595269,0.291443365048269,0.285707999428811,-0.00697907575201423,0.00351554483354227,0.00781450918669872,0.0104946205855565,0.00697907575201423,NA,NA,NA,NA,NA,NA,NA,NA,NA,NA,NA,NA,NA,NA,NA,NA,NA
"LCA",0.298422440800283,0.282192454595269,0.291443365048269,0.285707999428811,-0.00697907575201423,0.00351554483354227,0.00781450918669872,0.0104946205855565,0.00697907575201423,NA,NA,NA,NA,NA,NA,NA,NA,NA,NA,NA,NA,NA,NA,NA,NA,NA
"MLI",0.298422440800283,0.282192454595269,0.291443365048269,0.285707999428811,-0.00697907575201423,0.00351554483354227,0.00781450918669872,0.0104946205855565,0.00697907575201423,NA,NA,NA,NA,NA,NA,NA,NA,NA,NA,NA,NA,NA,NA,NA,NA,NA
"MOZ",0.298422440800283,0.282192454595269,0.291443365048269,0.285707999428811,-0.00697907575201423,0.00351554483354227,0.00781450918669872,0.0104946205855565,0.00697907575201423,NA,NA,NA,NA,NA,NA,NA,NA,NA,NA,NA,NA,NA,NA,NA,NA,NA
"MYT",0.298422440800283,0.282192454595269,0.291443365048269,0.285707999428811,-0.00697907575201423,0.00351554483354227,0.00781450918669872,0.0104946205855565,0.00697907575201423,NA,NA,NA,NA,NA,NA,NA,NA,NA,NA,NA,NA,NA,NA,NA,NA,NA
"NIC",0.298422440800283,0.282192454595269,0.291443365048269,0.285707999428811,-0.00697907575201423,0.00351554483354227,0.00781450918669872,0.0104946205855565,0.00697907575201423,NA,NA,NA,NA,NA,NA,NA,NA,NA,NA,NA,NA,NA,NA,NA,NA,NA
"SYC",0.298422440800283,0.282192454595269,0.291443365048269,0.285707999428811,-0.00697907575201423,0.00351554483354227,0.00781450918669872,0.0104946205855565,0.00697907575201423,NA,NA,NA,NA,NA,NA,NA,NA,NA,NA,NA,NA,NA,NA,NA,NA,NA
"TGO",0.298422440800283,0.282192454595269,0.291443365048269,0.285707999428811,-0.00697907575201423,0.00351554483354227,0.00781450918669872,0.0104946205855565,0.00697907575201423,NA,NA,NA,NA,NA,NA,NA,NA,NA,NA,NA,NA,NA,NA,NA,NA,NA
"UKR",0.298422440800283,0.282192454595269,0.291443365048269,0.285707999428811,-0.00697907575201423,0.00351554483354227,0.00781450918669872,0.0104946205855565,0.00697907575201423,NA,NA,NA,NA,NA,NA,NA,NA,NA,NA,NA,NA,NA,NA,NA,NA,NA
"AND",-0.0684834275071257,0.227720266019348,-0.0748353691526946,0.223218213584792,-0.00635194164556881,-0.00450205243455626,0.00778560458745532,0.0108539940801251,0.00635194164556881,NA,NA,NA,NA,NA,NA,NA,NA,NA,NA,NA,NA,NA,NA,NA,NA,NA
"ARG",-0.0684834275071257,0.227720266019348,-0.0748353691526946,0.223218213584792,-0.00635194164556881,-0.00450205243455626,0.00778560458745532,0.0108539940801251,0.00635194164556881,NA,NA,NA,NA,NA,NA,NA,NA,NA,NA,NA,NA,NA,NA,NA,NA,NA
"BIH",-0.0684834275071257,0.227720266019348,-0.0748353691526946,0.223218213584792,-0.00635194164556881,-0.00450205243455626,0.00778560458745532,0.0108539940801251,0.00635194164556881,NA,NA,NA,NA,NA,NA,NA,NA,NA,NA,NA,NA,NA,NA,NA,NA,NA
"BLZ",-0.0684834275071257,0.227720266019348,-0.0748353691526946,0.223218213584792,-0.00635194164556881,-0.00450205243455626,0.00778560458745532,0.0108539940801251,0.00635194164556881,NA,NA,NA,NA,NA,NA,NA,NA,NA,NA,NA,NA,NA,NA,NA,NA,NA
"CMR",-0.0684834275071257,0.227720266019348,-0.0748353691526946,0.223218213584792,-0.00635194164556881,-0.00450205243455626,0.00778560458745532,0.0108539940801251,0.00635194164556881,NA,NA,NA,NA,NA,NA,NA,NA,NA,NA,NA,NA,NA,NA,NA,NA,NA
"FRO",-0.0684834275071257,0.227720266019348,-0.0748353691526946,0.223218213584792,-0.00635194164556881,-0.00450205243455626,0.00778560458745532,0.0108539940801251,0.00635194164556881,NA,NA,NA,NA,NA,NA,NA,NA,NA,NA,NA,NA,NA,NA,NA,NA,NA
"GRC",-0.0684834275071257,0.227720266019348,-0.0748353691526946,0.223218213584792,-0.00635194164556881,-0.00450205243455626,0.00778560458745532,0.0108539940801251,0.00635194164556881,NA,NA,NA,NA,NA,NA,NA,NA,NA,NA,NA,NA,NA,NA,NA,NA,NA
"GUF",-0.0684834275071257,0.227720266019348,-0.0748353691526946,0.223218213584792,-0.00635194164556881,-0.00450205243455626,0.00778560458745532,0.0108539940801251,0.00635194164556881,NA,NA,NA,NA,NA,NA,NA,NA,NA,NA,NA,NA,NA,NA,NA,NA,NA
"HRV",-0.0684834275071257,0.227720266019348,-0.0748353691526946,0.223218213584792,-0.00635194164556881,-0.00450205243455626,0.00778560458745532,0.0108539940801251,0.00635194164556881,NA,NA,NA,NA,NA,NA,NA,NA,NA,NA,NA,NA,NA,NA,NA,NA,NA
"NRU",-0.0684834275071257,0.227720266019348,-0.0748353691526946,0.223218213584792,-0.00635194164556881,-0.00450205243455626,0.00778560458745532,0.0108539940801251,0.00635194164556881,NA,NA,NA,NA,NA,NA,NA,NA,NA,NA,NA,NA,NA,NA,NA,NA,NA
"RUS",-0.0684834275071257,0.227720266019348,-0.0748353691526946,0.223218213584792,-0.00635194164556881,-0.00450205243455626,0.00778560458745532,0.0108539940801251,0.00635194164556881,NA,NA,NA,NA,NA,NA,NA,NA,NA,NA,NA,NA,NA,NA,NA,NA,NA
"SHN",-0.0684834275071257,0.227720266019348,-0.0748353691526946,0.223218213584792,-0.00635194164556881,-0.00450205243455626,0.00778560458745532,0.0108539940801251,0.00635194164556881,NA,NA,NA,NA,NA,NA,NA,NA,NA,NA,NA,NA,NA,NA,NA,NA,NA
"TLS",-0.0684834275071257,0.227720266019348,-0.0748353691526946,0.223218213584792,-0.00635194164556881,-0.00450205243455626,0.00778560458745532,0.0108539940801251,0.00635194164556881,NA,NA,NA,NA,NA,NA,NA,NA,NA,NA,NA,NA,NA,NA,NA,NA,NA
"TZA",-0.0684834275071257,0.227720266019348,-0.0748353691526946,0.223218213584792,-0.00635194164556881,-0.00450205243455626,0.00778560458745532,0.0108539940801251,0.00635194164556881,NA,NA,NA,NA,NA,NA,NA,NA,NA,NA,NA,NA,NA,NA,NA,NA,NA
"DZA",0.00564185773814665,-0.282572654183088,0.0130916203425035,-0.28339143996782,0.00744976260435686,-0.000818785784732323,0.00749462294065243,0.00826854838908919,0.00744976260435686,NA,NA,NA,NA,NA,NA,NA,NA,NA,NA,NA,NA,NA,NA,NA,NA,NA
"COL",0.514184913007808,0.258519030686876,0.507722490440556,0.261431457718378,-0.00646242256725171,0.00291242703150207,0.00708838039692765,0.00937484959875379,0.00646242256725171,NA,NA,NA,NA,NA,NA,NA,NA,NA,NA,NA,NA,NA,NA,NA,NA,NA
"MMR",0.318614445762972,0.111550768571404,0.315820932215671,0.117997995259536,-0.0027935135473014,0.00644722668813281,0.00702641088373918,0.00924074023543421,0.00644722668813281,NA,NA,NA,NA,NA,NA,NA,NA,NA,NA,NA,NA,NA,NA,NA,NA,NA
"MHL",0.307896526894463,0.012650369710663,0.305999790074066,0.00804973908824293,-0.00189673682039665,-0.00460063062242009,0.0049762850289948,0.00649736744281674,0.00460063062242009,NA,NA,NA,NA,NA,NA,NA,NA,NA,NA,NA,NA,NA,NA,NA,NA,NA
"DNK",1.45374051430673,1.47062911507514,1.45129350470803,1.47455048528996,-0.00244700959869615,0.00392137021481265,0.00462222893610116,0.0063683798135088,0.00392137021481265,NA,NA,NA,NA,NA,NA,NA,NA,NA,NA,NA,NA,NA,NA,NA,NA,NA
"NFK",0.173367302458856,-0.0557035781960728,0.174011315052672,-0.0541998827175546,0.000644012593815968,0.00150369547851811,0.00163580326234831,0.00214770807233408,0.00150369547851811,NA,NA,NA,NA,NA,NA,NA,NA,NA,NA,NA,NA,NA,NA,NA,NA,NA
